created_at,screen_name,id,text,contributors,is quote,in reply to,in reply to id,favorited,favorite count,retweet count
2017-09-02T22:01:18,JBuggarauf,904101955189915648,"RT @GScottTaylor: @MichaelSkolnik And you found people polite, friendly and tolerant of your right to express.your views.  Try a Trump shir…",,False,,,False,0,407
2017-09-02T22:05:03,JBuggarauf,904102899306790916,@ThisGroovyMama @GScottTaylor @MichaelSkolnik Right - My neighbor has his back window bashed in and his MAGA hat on… https://t.co/aemUNYtd84,,False,ThisGroovyMama,823320945913802753,False,3,0
2017-09-03T05:59:40,JBuggarauf,904222339641991168,@DestructiveChem @undertoad80 @wcrego @billhrsn @KurtSchlichter @JayCaruso Nobody is trying to change your mind - t… https://t.co/P6GqQernTk,,False,DestructiveChem,4161633555,False,0,0
2017-09-03T06:04:33,JBuggarauf,904223571525779456,"@seymourbutz12 Enjoy both, before they figure out Arlington was Gen Lee's home, and several Marines in the Iwo Jima… https://t.co/Q7VBDIIZQT",,False,seymourbutz12,4735176079,False,1,0
2017-09-03T06:14:11,JBuggarauf,904225994910736386,@johncardillo The gang population in California just quadrupled over night..,,False,johncardillo,27995424,False,0,0
2017-09-03T15:45:05,GiftofSage,904369666721767424,The Left #MSM has been calling anything they can terrorism and finally got to call a white supremacist a terrorist without thinking. #AMJoy,,False,,,False,0,0
2017-09-03T15:45:59,GiftofSage,904369894082437121,"It like now that the president really sympathizes with terrorism, even the Left has gone soft. But it's because they think he can't win.",,False,,,False,0,0
2017-09-03T15:47:13,GiftofSage,904370202275717123,"The Left loses when they think their opponent can't win. #AMJoy 
I think he can win b/c people don't see he blamed the population for terror",,False,,,False,0,0
2017-09-03T15:49:07,GiftofSage,904370682221518848,He blamed everyone for terror b/c terror is really about everyone. The WS wanted #blameonbothsides to their strategy of taking to mainstream,,False,,,False,0,0
2017-09-03T16:01:43,GiftofSage,904373850523262977,@FilmFatale_NYC Fallacy,,False,FilmFatale_NYC,37340424,False,0,0
2017-09-03T16:28:28,JBuggarauf,904380586181005312,"On just the Q's and As in that video, Comey should have been fired, if not prosecuted. W/earlier draft of exonerati… https://t.co/geY7BkG66C",,True,,,False,0,0
2017-09-03T16:35:32,JBuggarauf,904382364142288897,You think I'm pulling that cat into *my* rescue boat? Not on your life or its.. https://t.co/plqHAMW5OY,,True,,,False,0,0
2017-09-03T16:41:15,GiftofSage,904383801098469377,@HallieJackson @POTUS He's waiting for them to hit land. He knows they're bluffing. They're blu,,False,HallieJackson,37590426,False,0,0
2017-09-03T16:44:32,JBuggarauf,904384628030447616,"@DineshDSouza @IngrahamAngle @nytimes @DouthatNYT Wow, @DouthatNYT's  nose up someones ass while sucking away too i… https://t.co/91iUFcEHF4",,False,DineshDSouza,91882544,False,0,0
2017-09-03T16:45:16,GiftofSage,904384812038983680,@vicenews They can't label Antifa a gang. It's a non organization with decades of history and no individual joined… https://t.co/HbU6N8vEAw,,False,vicenews,1630896181,False,0,0
2017-09-03T16:45:55,GiftofSage,904384976493346816,"@vicenews It's not classified a ""group"" legally. There's nothing tying them together. They have no rules about behavior or intimidation.",,False,vicenews,1630896181,False,0,0
2017-09-03T16:46:40,GiftofSage,904385163550969856,"@vicenews For them to be a gang, there has to be protocol among group members, but Antifa are really just an open b… https://t.co/hOd1Y8bha0",,False,vicenews,1630896181,False,0,0
2017-09-03T16:47:29,GiftofSage,904385371093524480,@vicenews The A's have been outsmarting law enforcement and conservatives for a shitload longer than they've had th… https://t.co/VQuMMH76f4,,False,vicenews,1630896181,False,0,0
2017-09-03T16:49:20,GiftofSage,904385835692380160,"@vicenews The thing is, there's no reason you can't be Antifa and not hit someone until they hit you. Otherwise, th… https://t.co/p24kzYDKtP",,False,vicenews,1630896181,False,0,0
2017-09-03T16:52:33,GiftofSage,904386646250053632,"@vicenews because they allow people to participate but not as an actual group that you have to hit people to be involved with, a ""gang"".",,False,GiftofSage,983294221,False,0,0
2017-09-03T16:52:58,JBuggarauf,904386751694741504,I wonder if there will be any Presidential popularity polls published in the next week? https://t.co/LRK71jAyFb,,True,,,False,0,0
2017-09-03T16:59:48,GiftofSage,904388470570971136,THIS makes sense https://t.co/QQ65RK18rW,,True,,,False,0,0
2017-09-03T17:00:34,JBuggarauf,904388663127060484,@judalon_harris @vicenews Question from 1963..,,False,judalon_harris,369231528,False,0,1
2017-09-03T17:01:31,JBuggarauf,904388901724291072,"@GaddyTam12ge @vicenews @brettly4967 I don't care what you say, but put down the club or I'll shoot your ass.",,False,GaddyTam12ge,2574837761,False,0,0
2017-09-03T17:02:02,JBuggarauf,904389032288731136,"@GiftofSage @vicenews Free range targets of opportunity, in other words..",,False,GiftofSage,983294221,False,0,0
2017-09-03T17:02:40,JBuggarauf,904389192242814976,"@GiftofSage @vicenews Then nobody should care if the not-a-real-group gets shot at, right?",,False,GiftofSage,983294221,False,0,0
2017-09-03T17:06:10,JBuggarauf,904390070815268864,"@GiftofSage @vicenews Your ""they allow people to participate"" statement betrays your claim of not being a group or… https://t.co/VRxJSqXU7w",,False,GiftofSage,983294221,False,0,0
2017-09-03T17:10:54,JBuggarauf,904391262056267776,"@Annawoo18327628 @CebuSalute To live a blissful life, you must lose your concern of being wrong.",,False,Annawoo18327628,876154627460386817,False,1,0
2017-09-03T17:14:15,JBuggarauf,904392104058675200,@Annawoo18327628 @CebuSalute ..but digitally mastering your first rock album is totally awesome.,,False,Annawoo18327628,876154627460386817,False,1,0
2017-09-03T17:26:53,JBuggarauf,904395285178155008,@nontolerantman Accuse me of being racist often enough and at some point I likely WILL go all racist on your ass.,,False,nontolerantman,3307670633,False,0,0
2017-09-03T17:28:43,JBuggarauf,904395747281444864,"@instapundit Not me, it's obviously bunk shit..",,False,instapundit,727472528,False,0,0
2017-09-03T17:36:22,GiftofSage,904397671619842048,Bring it. We have guns too. https://t.co/Ub7zElMznw,,True,,,False,0,0
2017-09-03T17:36:41,GiftofSage,904397752708235265,"You will be killed back next time, terrorist. https://t.co/5VkzXie0bB",,True,,,False,0,0
2017-09-03T17:39:57,GiftofSage,904398572589862912,"No it doesn't. A gang has specific protocol and expectations of members, reasons they are called a ""gang"". No one i… https://t.co/350puVl7xl",,True,,,False,0,0
2017-09-03T17:40:44,GiftofSage,904398769139146752,"They allow open participation. That's the literal opposite of a ""gang"". You will be shot at for shooting at us. Don… https://t.co/K6oPvVt6pk",,True,,,False,0,0
2017-09-03T17:47:20,GiftofSage,904400431522213888,@ImaCultClassic @RichardBSpencer @Gavin_McInnes Yeah. He forgot about symmetry. https://t.co/8pVDRvVToH,,False,ImaCultClassic,35983311,False,0,0
2017-09-03T18:00:27,JBuggarauf,904403733328535552,"@GiftofSage Once you use the words ""they allow"" you are talking about a group. Period. You contradict yourself with ignorance.",,False,GiftofSage,983294221,False,0,0
2017-09-03T18:02:33,JBuggarauf,904404262033154048,"@GiftofSage Not terrorist, US Marine.. and professionals have tried to kill me and failed. Spoiled violent children are no contest.",,False,GiftofSage,983294221,False,0,0
2017-09-03T18:04:07,JBuggarauf,904404655706222592,@GiftofSage Do you know how to use them accurately and with tactical precision? You're getting all blustery with a… https://t.co/NGNSJuauN6,,False,GiftofSage,983294221,False,0,0
2017-09-03T18:06:07,JBuggarauf,904405159136043008,"@GiftofSage BY the way, if it were to come to that, I don't ""shoot at"" people, I just shoot people and they don't s… https://t.co/9iQeyFbZr2",,False,GiftofSage,983294221,False,0,0
2017-09-03T18:38:46,GiftofSage,904413373575700481,@realDonaldTrump said any of you are to blame for getting hit with terrorism if you associate with Antifa @FoxNews #b,,False,realDonaldTrump,25073877,False,0,0
2017-09-03T18:39:04,GiftofSage,904413451832799232,@realDonaldTrump @FoxNews #blameonbothsides,,False,GiftofSage,983294221,False,0,0
2017-09-03T18:40:06,GiftofSage,904413708943798272,You will be shot without warning to you before you can shoot anyone. I'll do it myself if I have to. Bring it RVA. https://t.co/qec6kccXvW,,True,,,False,0,0
2017-09-03T18:41:22,GiftofSage,904414030370045953,I'll kill you. You are nothing. Marines aren't immune to terrorism. You're a fucking terrorist. https://t.co/clTpLa8upt,,True,,,False,0,0
2017-09-03T18:42:37,GiftofSage,904414344930353153,You are a fucking terrorist. Marines aren't immune. You just told me we were targets and should be shot for protest… https://t.co/TohIaj3GF4,,True,,,False,0,0
2017-09-03T18:43:53,GiftofSage,904414663777148928,Keep saying you are allowed to kill protesters and you can't be a terrorist for it because you're a non state actor… https://t.co/j4cu9po8dq,,True,,,False,0,0
2017-09-03T19:01:43,GiftofSage,904419149807570945,"So, @JBuggarauf thinks he can 1) hide tweets from being downloaded and 2) that being a conservative means he's immune to terrorism.",,False,,,False,0,0
2017-09-03T19:03:41,GiftofSage,904419644680921090,@AnnCoulter @realDonaldTrump You missed out on former Marine terrorist in my mentions a few secs ago. Enjoy as much… https://t.co/9MAAgGNF1S,,False,AnnCoulter,196168350,False,0,0
2017-09-03T19:09:48,GiftofSage,904421183189389322,@AkiPeritz @kkeelingjohnson He said all with any not all with all.,,False,AkiPeritz,320789928,False,0,0
2017-09-03T20:13:54,GiftofSage,904437316147695616,"@JoyAnnReid Hey, a former Marine is threatening to shoot Antifa directly on @Twitter. I just reported his ass to the FEDS. @JBuggarauf",,False,JoyAnnReid,49698134,False,0,0
2017-09-03T20:18:26,GiftofSage,904438456721559553,@FoxNews @JudgeJeanine Yes. And he also needs to tell the general population the @POTUS doesn't know what terrorism… https://t.co/PrIEW80Jws,,False,FoxNews,1367531,False,0,0
2017-09-03T20:20:28,GiftofSage,904438970033065984,@radicalhearts Yep.,,False,radicalhearts,22101273,False,0,0
2017-09-03T22:20:20,GiftofSage,904469136079814656,"@FoxNews @robertjeffress @realDonaldTrump DT just reserves the right to blame anyone but the actor for terrorism, h… https://t.co/SbnyE6IDLg",,False,FoxNews,1367531,False,0,0
2017-09-03T22:57:40,GiftofSage,904478527730409473,"@FoxNews @adrienneelrod I think he's keeping it, might modify it #DACA.",,False,FoxNews,1367531,False,0,0
2017-09-03T23:40:15,GiftofSage,904489247301918720,"@FoxNews The A's probably wouldn't involve the cops even with a Klan incident, so how are they not ""tolerant""? They refuse to kill now too.",,False,FoxNews,1367531,False,0,0
2017-09-03T23:54:36,GiftofSage,904492857410678784,This was some very inopportune Nazi Sympathy for @FoxNews but they could have vied for be,,False,,,False,0,0
2017-09-03T23:55:42,GiftofSage,904493136122085376,My hands keep micro jumping around on my keyboard and I'm making Tweet errors. Sometimes my hands are uncontrollable. At keyboard it's fast.,,False,,,False,0,0
2017-09-03T23:56:05,GiftofSage,904493231974617088,It's like my hands are fucking up my tweets on purpose.,,False,,,False,0,0
2017-09-04T01:12:45,GiftofSage,904512523545825280,"I was wrong about this, but they might try to replace it or they have to own up to the fact that they want a mass d… https://t.co/5xnNNRvIUr",,True,,,False,0,0
2017-09-04T01:18:44,GiftofSage,904514031859486720,@charliekirk11 I saw almost nothing but footage of Trump getting mad respect from black people. Seriously. On… https://t.co/BPvIgjd3UI,,False,charliekirk11,292929271,False,0,0
2017-09-04T01:20:28,GiftofSage,904514467857395712,@TheRickWilson What did that say? Did you see the Marine @JBuggarauf who made death threats at me today? Download t… https://t.co/I044FhcCwA,,False,TheRickWilson,19084896,False,0,0
2017-09-04T01:22:05,GiftofSage,904514873635328000,"@NYCAntifa There's a guy threatening to shoot at Antifa seriously. I actually did report it, it was an illegal threat @JBuggarauf",,False,NYCAntifa,2367611173,False,0,0
2017-09-04T01:23:41,GiftofSage,904515273876803584,"@NYCAntifa I know involving cops and F.B.I. isn't cool, but I'll report anyone on here who is literally threatening to shoot us to the F.B.I",,False,NYCAntifa,2367611173,False,0,0
2017-09-04T01:25:52,GiftofSage,904515823720681476,@BryanDawsonUSA They might try to push something through Congress. Paul Ryan could lead that.,,False,BryanDawsonUSA,997682274,False,0,0
2017-09-04T01:35:38,GiftofSage,904518282627223553,Where has the #MSM been? https://t.co/jK71FNXQa4,,True,,,False,0,0
2017-09-04T02:17:03,GiftofSage,904528706856767490,@JoyAnnReid Please stop saying the popular vote matters with the EC in place. It doesn't matter.,,False,JoyAnnReid,49698134,False,0,0
2017-09-04T03:07:02,GiftofSage,904541283263361025,"@SarahKSilverman Uh, I don't think that happened. I think his dad was really racist, and Trump won't let himself hate his father.",,False,SarahKSilverman,30364057,False,0,0
2017-09-04T17:33:42,GiftofSage,904759386593210368,"https://t.co/pYr9alRTu3

Ya'll I'm in love with a prey mode pit mix that can't be around other animals at all and has bitten people in way.",,False,,,False,0,0
2017-09-04T17:38:41,GiftofSage,904760640589455362,@KatiePavlich Not true. But you are often misleading with legal facts.,,False,KatiePavlich,48459553,False,0,0
2017-09-04T17:42:35,GiftofSage,904761624862625793,This is still one of my least favorite people in arguments. Vote what? For your ambiguous mass deportation fetish?… https://t.co/W52P3jTCtJ,,True,,,False,0,0
2017-09-04T17:46:55,GiftofSage,904762713271930880,and she sheds like CRAZY,,False,GiftofSage,983294221,False,0,0
2017-09-04T19:47:03,JBuggarauf,904792945815019520,"@MZHemingway A nurse tells the cops she has to follow the law &amp; gets arrested - BIG NEWS. 
Top Cop told to ignore t… https://t.co/1bPT9sXO1P",,False,MZHemingway,18005085,False,0,0
2017-09-04T19:49:42,JBuggarauf,904793613082648577,@JackPosobiec @sandboxvet1 You don't have to mirandize illegal aliens when they are not being detained.,,False,JackPosobiec,592730371,False,1,0
2017-09-04T19:51:31,JBuggarauf,904794070064611328,@MZHemingway The trees are underrepresented in the forest.,,False,MZHemingway,18005085,False,0,0
2017-09-04T19:55:38,JBuggarauf,904795108477853697,"@jamestaranto Two bottles of a cheap Rose' before dinner and you can knock that out before the salad is served, James.",,False,jamestaranto,53606937,False,0,0
2017-09-04T19:59:25,JBuggarauf,904796059427258368,@KurtSchlichter From Cherokee Sun Worshiper to Born Again Christian in just one election cycle. The Lord works in mysterious ways.,,False,KurtSchlichter,18089606,False,0,0
2017-09-04T20:08:27,JBuggarauf,904798333549502464,"@GiftofSage @NYCAntifa Self Defense is not a threat, it's a right.",,False,GiftofSage,983294221,False,0,0
2017-09-04T20:09:51,JBuggarauf,904798684440780800,"@GiftofSage @TheRickWilson You said Bring it! So Stand Up, snowflake.",,False,GiftofSage,983294221,False,0,0
2017-09-04T20:10:33,JBuggarauf,904798859225817089,"@GiftofSage @JoyAnnReid @Twitter They're laughing at you, twinkle-toes..",,False,GiftofSage,983294221,False,0,0
2017-09-04T20:12:38,JBuggarauf,904799386013540352,"@GiftofSage Nothing hidden, nothing to hide. If you can't figure out how to download, contact Twitter for assistance, fool.",,False,GiftofSage,983294221,False,0,0
2017-09-04T20:15:05,JBuggarauf,904800003436056576,@GiftofSage Put down the club and you have nothing to worry about. I'll defend your right. Pick up the club &amp; you'l… https://t.co/BdSrKSwume,,False,GiftofSage,983294221,False,0,0
2017-09-04T20:16:21,JBuggarauf,904800320852819969,"@GiftofSage Are my words scaring you yet? (ohh.. I see your undies are all in a knot..)
Are you enjoying this as much as I am?",,False,GiftofSage,983294221,False,0,0
2017-09-04T20:17:14,JBuggarauf,904800542647492608,@GiftofSage I can be - it's all up to you. I'm either your best friend or worst enemy - it's your choice which.,,False,GiftofSage,983294221,False,0,0
2017-09-04T20:18:39,JBuggarauf,904800899263905792,"@GiftofSage You'd never even see me, turd. You'd just drop like a wet sack of shit.",,False,GiftofSage,983294221,False,0,0
2017-09-04T20:21:00,JBuggarauf,904801489243095040,"@GiftofSage I'm not the one roaming the streets with bats, clubs, crowbars and makeshift flame-throwers, I'm just w… https://t.co/uupUBuazC5",,False,GiftofSage,983294221,False,0,0
2017-09-04T20:22:07,JBuggarauf,904801773457522688,@A1RGUNNER And stilettos..,,False,A1RGUNNER,121171042,False,1,0
2017-09-04T20:23:13,JBuggarauf,904802046800363520,"@GiftofSage @NYCAntifa No, that was a legal threat. Go violent, I respond way out of proportion to the offense.",,False,GiftofSage,983294221,False,0,0
2017-09-04T20:29:37,JBuggarauf,904803661087248384,@taotao_salupa5 @2009superglide @Nanabozoh @J4W4_ @armyjon @darthodius @TMM2_12 Berthod Pass - coldest I've ever be… https://t.co/3WwnpHQUvC,,False,taotao_salupa5,3224894161,False,0,0
2017-09-04T20:33:35,JBuggarauf,904804659172229121,@Nanabozoh @taotao_salupa5 @armyjon @2009superglide @J4W4_ @darthodius @TMM2_12 @JBLaudio Blew trans in '95 Park Av… https://t.co/Zhd1o9mMIo,,False,Nanabozoh,607516999,False,0,0
2017-09-04T20:34:33,JBuggarauf,904804901833687040,"@Nanabozoh @taotao_salupa5 @armyjon @2009superglide @J4W4_ @darthodius @TMM2_12 @JBLaudio Had my own squeeze w/me &lt;puffs, packs, passes&gt;",,False,JBuggarauf,879898081273159680,False,0,0
2017-09-04T20:37:56,JBuggarauf,904805751054516224,@DRUDGE_REPORT ..'cept they were aiming for the helmet.,,False,DRUDGE_REPORT,14669951,False,0,0
2017-09-04T20:40:15,JBuggarauf,904806333345546240,@gabrielmalor @MZHemingway The Gov does the bait/switch thing all the time - but since those are citizens that's OK.,,False,gabrielmalor,24212955,False,0,0
2017-09-04T20:42:43,JBuggarauf,904806956627398656,@RedNationRising @rains6944 White Privilege!!!,,False,RedNationRising,940368062,False,0,0
2017-09-04T20:47:38,JBuggarauf,904808193255104512,@joseiswriting Thank you for your contribution. Now go home and do it right.,,False,joseiswriting,15956067,False,0,0
2017-09-04T20:53:43,JBuggarauf,904809726268936192,"@Patriot_Hawk I nominate that for the ""Didn't Age Well"" Hall of Fame.",,False,Patriot_Hawk,846416484394024965,False,0,0
2017-09-04T21:01:29,JBuggarauf,904811679824805889,I'm old enough to remember that time... back before 1964 it was the Democrats who were the racists. https://t.co/KRKrLimJOb,,True,,,False,0,0
2017-09-04T21:04:18,JBuggarauf,904812386263040000,"@NewtTrump @rains6944 Oh, yes they'll vote. ..in the primaries.",,False,NewtTrump,313024334,False,1,0
2017-09-04T21:04:29,JBuggarauf,904812433994170368,"RT @FrebergK: @Merc4hire63 @Lrihendry No surprise here, but it goes to show the sickness thats in America. Obama was the disease along with…",,False,,,False,0,6
2017-09-04T21:07:00,JBuggarauf,904813067325685762,@tim_cook That's 250 citizens displaced. Thanks Tim.,,False,tim_cook,1636590253,False,0,0
2017-09-04T21:08:09,JBuggarauf,904813354664968192,"@JassiSikand @jthompsonic @tim_cook Parent robs bank, gives money to kids. Parent busted. Kids punished by taking the money away. Got it...",,False,JassiSikand,400948630,False,1,0
2017-09-04T21:13:58,JBuggarauf,904814820372779008,"@sergiot213 @BurritoSuperman @TheChrisSuprun @tim_cook @charles_gaba 653,416 people naturalized in 2014 (95% of app… https://t.co/4uUkeBBc1R",,False,sergiot213,515892159,False,1,0
2017-09-04T21:14:53,JBuggarauf,904815049465663488,"RT @Trump45_USA1st: Please stay out. U hate this country. U hate our President. And U obviously hate the people in our country. So, whereve…",,True,,,False,0,250
2017-09-04T21:17:12,JBuggarauf,904815634009034753,"@GiftofSage @NYCAntifa And beyond just a right, it's a certainty.",,False,JBuggarauf,879898081273159680,False,0,0
2017-09-04T21:25:35,JBuggarauf,904817745857880065,RT @bfraser747: If Mexico requires tamper proof identification to vote. Shouldn't all states in USA require valid ID to vote?  Retweet if y…,,False,,,False,0,7803
2017-09-04T21:26:25,JBuggarauf,904817954075713536,@KimDotcom @rains6944 They'll have a choice - they solve it or we solve it.,,False,KimDotcom,611986351,False,1,0
2017-09-04T21:28:15,JBuggarauf,904818413641416704,"RT @FreedomChild3: #EndDACA 
#VetsBeforeIllegals
We Need To Care For Our Own First- Many Homeless Vets that have Fought For Our Freedom-
Ti…",,False,,,False,0,1033
2017-09-04T21:33:33,JBuggarauf,904819748424134656,@mitchellvii @rains6944 Who is still reading google news?,,False,mitchellvii,17980523,False,1,0
2017-09-04T21:36:02,JBuggarauf,904820371962060801,"Thank God she wasn't wearing stilettos, the press would go crazy.. https://t.co/rrGZvMTJZw",,True,,,False,0,0
2017-09-04T21:38:28,JBuggarauf,904820985437708288,"@GordonPress There would be no teacher shortage or ""over-capacity"" classes..",,False,GordonPress,16389986,False,1,0
2017-09-04T21:42:18,JBuggarauf,904821949859119104,"@LionelMedia @rains6944 @YouTube Damn, Uncle got drunk, forgot to take his meds, and found the video equipment again..",,False,LionelMedia,24787367,False,1,0
2017-09-04T21:43:26,JBuggarauf,904822236158222336,@RedNationRising @JimW_in_NM God gave her a great voice to compensate for not giving her a brain.,,False,RedNationRising,940368062,False,1,0
2017-09-04T21:45:07,JBuggarauf,904822658835005440,"Ask me in 2020..  I don't know what situation I'm going to be dealing with tomorrow, much less in 3 years.. https://t.co/sEoaTABAGD",,True,,,False,0,0
2017-09-04T21:48:45,JBuggarauf,904823574573105152,@sccduck @KimDotcom @rains6944 There's no way I'm publishing that information - I'm not Obama and you don't have a… https://t.co/a9f9f9xmLZ,,False,sccduck,292487680,False,0,0
2017-09-04T21:52:58,JBuggarauf,904824636914884610,@Soldier1eaODGrn @StrongbowEntLlc What are you gonna do to her? She already has a brain tumor and can't think strai… https://t.co/Wrs6IhLfZr,,False,Soldier1eaODGrn,84371179,False,0,0
2017-09-04T21:55:00,GiftofSage,904825148502671360,"Ok. Can you keep tweeting me these ""fair warnings""? https://t.co/nFnqVR47dO",,True,,,False,0,0
2017-09-04T21:56:23,JBuggarauf,904825492989124608,"@Wishful_wink Me too, but it's 20 years too late now.",,False,Wishful_wink,1111832047,False,1,0
2017-09-04T21:56:37,GiftofSage,904825552024076288,"@JBuggarauf @TheRickWilson Hey, @TheRickWilson This is the guy I reported to the F.B.I. and he just threatened me A… https://t.co/vIiK4BkCUq",,False,JBuggarauf,879898081273159680,False,0,0
2017-09-04T22:00:41,GiftofSage,904826575241261056,"So, you are jerking off to making death threats that have the F.B.I.'s attention? https://t.co/TVoOwFru6k",,True,,,False,0,0
2017-09-04T22:00:46,JBuggarauf,904826597672271872,"@johnnyola29 I know Jim, quintessential Marine. Nicest guy in the world &amp; best friend, or biggest bastard in the wo… https://t.co/rBMVI5xaxj",,False,johnnyola29,841083815716106241,False,0,0
2017-09-04T22:01:45,GiftofSage,904826846461796352,You're saying you will or won't shoot someone? Because you already said in an illegal threat that you will shoot pe… https://t.co/agsp8rFy6s,,True,,,False,0,0
2017-09-04T22:02:38,GiftofSage,904827067681923074,"@JBuggarauf @NYCAntifa No, that's what WE said. You said at least twice - put down the clubs or I'll shoot you.",,False,JBuggarauf,879898081273159680,False,0,0
2017-09-04T22:03:29,GiftofSage,904827283457933313,"@JBuggarauf @NYCAntifa Look, being a Marine doesn't mean you even know what terror is. So, I suggest you shut the f… https://t.co/gBugu3vEJw",,False,JBuggarauf,879898081273159680,False,0,0
2017-09-04T22:04:30,GiftofSage,904827536210788353,@JBuggarauf @NYCAntifa I'm being totally fucking serious. You have made three attempts of actual violent intimidati… https://t.co/P01kZm7uJC,,False,JBuggarauf,879898081273159680,False,0,0
2017-09-04T22:04:39,JBuggarauf,904827574521536513,@GiftofSage Projection much?,,False,GiftofSage,983294221,False,0,0
2017-09-04T22:05:24,JBuggarauf,904827762636029952,@GiftofSage @TheRickWilson Waaaaaaa...,,False,GiftofSage,983294221,False,0,0
2017-09-04T22:05:35,GiftofSage,904827811575291906,@JBuggarauf Uh? Context? What are you saying was projected? Are you high or drunk?,,False,JBuggarauf,879898081273159680,False,0,0
2017-09-04T22:05:51,JBuggarauf,904827876612046848,@GiftofSage All day long..,,False,GiftofSage,983294221,False,0,0
2017-09-04T22:06:02,GiftofSage,904827921537404928,"Uh, no bro. Call an attorney. https://t.co/QKtPD6X7Kt",,True,,,False,0,0
2017-09-04T22:06:17,GiftofSage,904827988071591936,Longer than dicks bigger than yours. https://t.co/C4s1N9uYUa,,True,,,False,0,0
2017-09-04T22:07:05,GiftofSage,904828188265775107,You are fucking crazy and lying. Call an attorney. https://t.co/k3qCfQLNq2,,True,,,False,0,0
2017-09-04T22:07:10,JBuggarauf,904828206615642113,@GiftofSage @NYCAntifa Yep - cross the line into violence and you will get more than you can handle.,,False,GiftofSage,983294221,False,0,0
2017-09-04T22:07:54,GiftofSage,904828393648218112,"Not a legal threat. You have no right to snipe us which you just suggested you would do to me hypothetically, but y… https://t.co/gNKLUgyuZz",,True,,,False,0,0
2017-09-04T22:08:38,GiftofSage,904828579137159168,You aren't allowed to shoot people who are fist fighting or fighting period. https://t.co/ZnPQhkuq6s,,True,,,False,0,0
2017-09-04T22:08:46,JBuggarauf,904828610237759488,"@GiftofSage @NYCAntifa Suggest away, snowflake, it's not like I have any respect for your perception of dealing ter… https://t.co/9ISOPb6bAb",,False,GiftofSage,983294221,False,0,0
2017-09-04T22:09:00,GiftofSage,904828671403454464,You think you're a legal public sniper? https://t.co/ZnPQhkuq6s,,True,,,False,0,0
2017-09-04T22:09:14,JBuggarauf,904828729536348160,"@GiftofSage @NYCAntifa Good, you're starting to get it..",,False,GiftofSage,983294221,False,0,0
2017-09-04T22:09:30,GiftofSage,904828797534523392,You don't even know you are making real threats of intimidation. https://t.co/lxA2XF6hBA,,True,,,False,0,0
2017-09-04T22:10:12,GiftofSage,904828971841454091,"Uh, I'm starting to ""get"" that you are making real threats of intimidation and that everything you are typing is fu… https://t.co/fOvW4cZA4F",,True,,,False,0,0
2017-09-04T22:11:01,JBuggarauf,904829176745672704,"@GiftofSage I'll happily argue that before a judge and jury.. start assault, it can end badly for you.",,False,GiftofSage,983294221,False,0,0
2017-09-04T22:12:05,GiftofSage,904829447358087168,You are the one to decide who starts it? And you think you can just kill us? https://t.co/EGvdIqDcPM,,True,,,False,0,0
2017-09-04T22:13:11,JBuggarauf,904829723913502720,"@GiftofSage It's not hypothetical.. but it is your choice. Go violent on someone, I'll protect their life with coun… https://t.co/f4fqCi1IGY",,False,GiftofSage,983294221,False,0,0
2017-09-04T22:14:12,GiftofSage,904829978218463236,Ok. That's that. You win. You are really going to be charged with a crime. https://t.co/kgWq62su4n,,True,,,False,0,0
2017-09-04T22:14:40,JBuggarauf,904830095084331008,"@GiftofSage On the other hand, if you're protesting peacefully and someone sets upon you I'll protect you too.",,False,JBuggarauf,879898081273159680,False,0,0
2017-09-04T22:15:58,JBuggarauf,904830422831423489,"@GiftofSage Nice talking with ya.. this conversation is over, I have a cold beer demanding my undivided attention..",,False,GiftofSage,983294221,False,1,0
2017-09-04T22:16:31,GiftofSage,904830563495931904,"That doesn't solve anything here, bro. Congrats. You are a violent extremist. https://t.co/d3tKFzcfLH",,True,,,False,0,0
2017-09-04T22:16:56,JBuggarauf,904830666126245888,@GiftofSage WAaaaaa,,False,GiftofSage,983294221,False,0,0
2017-09-04T22:17:52,GiftofSage,904830902672523266,"@JoyAnnReid I need you to read @JBuggarauf 
It's not hypothetical.. but it is your choice. Go violent on someone, I… https://t.co/YUqXNlsjdD",,False,JoyAnnReid,49698134,False,0,0
2017-09-04T22:18:04,JBuggarauf,904830950336479232,@GiftofSage Yep - I can be if you want me to be - it's your choice as I said.,,False,GiftofSage,983294221,False,0,0
2017-09-04T22:18:20,GiftofSage,904831020624695296,@JoyAnnReid Please read the death threats being made at me and @NYCAntifa in the last 10 min,,False,JoyAnnReid,49698134,False,0,0
2017-09-04T22:19:36,GiftofSage,904831336967540740,Which is still violent extremism bordering on terrorism and I'm just fucking delighted that you decided to play my… https://t.co/mVYFBmqA1c,,True,,,False,0,0
2017-09-04T22:25:29,GiftofSage,904832819775537152,"@JeffUSAFAMMO @JoyAnnReid @NYCAntifa Hi, there. Do you have something you'd like to put in writing for me?",,False,JeffUSAFAMMO,879857664716623872,False,0,0
2017-09-04T22:26:41,GiftofSage,904833118665887744,"@atima_omara @LadyBirdMovie Hey, you're in a movie, but there's a real violent extremist making nearly lewd death t… https://t.co/hKezVoPPTy",,False,atima_omara,598947276,False,0,0
2017-09-04T22:27:22,GiftofSage,904833293178294274,@TheRickWilson Nothing is better than catching a Marine for being a violent extremist right now. @JBuggarauf,,False,TheRickWilson,19084896,False,0,0
2017-09-04T22:27:56,GiftofSage,904833434916413440,"@JeffUSAFAMMO @JoyAnnReid @NYCAntifa No, you might not understand what you are doing here.",,False,JeffUSAFAMMO,879857664716623872,False,0,0
2017-09-04T22:29:02,GiftofSage,904833710008172547,@fivefifths I'm getting this two days of death threats by a violent extremist thing down. @JBuggarauf,,False,fivefifths,36252186,False,0,0
2017-09-04T22:32:09,GiftofSage,904834495571996673,I am wholly and chronically depressed. But did you want to say something that matters? Or? Just more Wonder Woman j… https://t.co/81vApXkEBp,,True,,,False,0,0
2017-09-04T22:34:09,GiftofSage,904834997663801344,@BookTV @neiltyson Why is he so fucking cute?,,False,BookTV,60628575,False,0,0
2017-09-04T22:36:21,GiftofSage,904835554348498945,Maybe the best dog video I've every seen. (I speak KKK) https://t.co/S8ncZPY999,,True,,,False,0,0
2017-09-04T22:38:01,GiftofSage,904835972185153538,"Uh, ok. No. He made actual illegal threats over the course of two days. He literally said put down the clubs or I'l… https://t.co/rycb03DXCW",,True,,,False,0,1
2017-09-04T22:40:24,GiftofSage,904836570246774785,Nope. But your friend needs one bad. https://t.co/U4PXOK7t3q,,True,,,False,0,0
2017-09-04T22:42:13,GiftofSage,904837028340260864,I am genetically of evil itself and I love dumb ass violent extremists.,,False,,,False,0,0
2017-09-04T22:50:08,GiftofSage,904839022677295106,"You know, almost meeting @MarALagoAntifa in person wasn't enough, but catching a motherfucker on here in broad fucking daylight... unreal.",,False,,,False,0,0
2017-09-04T22:52:31,GiftofSage,904839619371560961,@politico Ya'll seriously. My 3-5 (white dudes) friends from middle school and I sat out the anthem at a Catholic H… https://t.co/iWyFae2iKY,,False,politico,9300262,False,0,0
2017-09-04T22:53:12,GiftofSage,904839795335147521,@JeffUSAFAMMO Nope. Your friend has made at least three illegal threats.,,False,JeffUSAFAMMO,879857664716623872,False,0,0
2017-09-04T23:09:27,GiftofSage,904843884848656386,"Uh, what are you doing here? I reported his ass to the F.B.I. https://t.co/gUrT4VU4vG",,True,,,False,0,0
2017-09-04T23:10:25,GiftofSage,904844128042745856,#legislateDACA motherfuckers @GOP,,False,,,False,0,0
2017-09-04T23:15:04,GiftofSage,904845295544127489,"@VICE Ya'll need to read @JBuggarauf making death threats that started on one of your threads, carried over to… https://t.co/fw6Uf2IhiT",,False,VICE,23818581,False,0,0
2017-09-04T23:16:07,GiftofSage,904845560531779588,@VICE @JBuggarauf @NYCAntifa He just keeps deleting them so they can't be reported. I tipped the F.B.I. I think you should too.,,False,GiftofSage,983294221,False,0,0
2017-09-04T23:16:32,GiftofSage,904845667281055749,@VICE I'm not asking Antifa to get involved with law enforcement.,,False,VICE,23818581,False,0,0
2017-09-04T23:19:06,GiftofSage,904846311568101376,"@JBuggarauf is a radical ideologue violent extremist, possibly a terrorist. @FBI Please look.",,False,JBuggarauf,879898081273159680,False,0,0
2017-09-04T23:24:53,GiftofSage,904847765502660608,You are almost as epic dumb as him. Did the government spray a poisonous and or unethical substance on you at any p… https://t.co/b9cdhslhMt,,True,,,False,0,0
2017-09-04T23:47:31,GiftofSage,904853460734156800,"@chrislhayes I hate to out nerd you like this, but you should look at this course. I took it. https://t.co/DyCevrc9lT It pretty good n hard.",,False,chrislhayes,4207961,False,0,0
2017-09-05T00:11:09,GiftofSage,904859408311701504,yeah right.... you are a pile of human feces who hates depressed people. Congrats on hitching your wagon to an extr… https://t.co/PmGS7e5qlh,,True,,,False,0,0
2017-09-05T00:12:13,GiftofSage,904859679972610049,@CohenDS It's High Mach political strategy.,,False,CohenDS,43382513,False,1,0
2017-09-05T00:13:08,GiftofSage,904859907341549568,Bleed an ocean for me to bath in. https://t.co/QJgmxSRFCs,,True,,,False,0,0
2017-09-05T00:16:16,GiftofSage,904860696571240450,@kaycee_345 @kpfallon Maybe the nicest Bey gif I've ever seen. Today is a day for gifs.,,False,kaycee_345,263959804,False,0,0
2017-09-05T00:19:40,GiftofSage,904861554788765696,Fuck yeah. When is Google pulling @FoxNews ? https://t.co/Do25Y7X2X5,,True,,,False,0,0
2017-09-05T00:23:10,GiftofSage,904862432765542400,Something that KJU is NOT bluffing on - letting a terrorist hijack a mini nuke for money... cyber maybe? We'll see.,,False,,,False,0,0
2017-09-05T00:36:19,GiftofSage,904865741584916480,We ain't even started yet. https://t.co/OFGgw4P7Vu,,True,,,False,0,0
2017-09-05T05:40:23,JBuggarauf,904942264983552000,@Harry1T6 @KurtSchlichter @TheDemocrats I don't think you'll get far suing a President for rescinding an executive order.,,False,Harry1T6,234548424,False,1,0
2017-09-05T14:59:23,JBuggarauf,905082942417862657,@sccduck @KimDotcom @rains6944 Cute - Let's approach this a bit more geopolitically.. Do you think China is going t… https://t.co/1uhnvk1t5r,,False,sccduck,292487680,False,0,0
2017-09-05T15:02:17,JBuggarauf,905083672172232705,"@sccduck @KimDotcom @rains6944 No, China will not - THEY will handle the Norks. If they defy China and try to follo… https://t.co/DUCfaOWV9G",,False,JBuggarauf,879898081273159680,False,0,1
2017-09-05T15:07:12,JBuggarauf,905084909353439233,@DRUDGE_REPORT Gosh - you mean Trump is keeping another campaign promise? That despicable cur needs to be impeached.,,False,DRUDGE_REPORT,14669951,False,2,0
2017-09-05T15:09:12,JBuggarauf,905085410191097857,"He's not aging well, is he? https://t.co/gIym8MKfpQ",,True,,,False,1,0
2017-09-05T15:21:33,GiftofSage,905088521467305987,I'm au natural. https://t.co/y6v0jX2E5d,,True,,,False,0,0
2017-09-05T15:26:58,JBuggarauf,905089884200755200,@OldMarine1 Mornin Guns.. get any on ya last night?,,False,OldMarine1,72350324,False,0,0
2017-09-05T15:40:03,GiftofSage,905093174938492928,"Oh, yeah? So, you get turned on by making fun of A's who catch former Marine violent extremists? https://t.co/wttF3UtQLX",,True,,,False,0,0
2017-09-05T15:41:39,GiftofSage,905093577004503040,@CohenDS They are going to try to legislate something more permanent. But who knows what they'll actually pass or do?,,False,CohenDS,43382513,False,1,0
2017-09-05T15:45:23,GiftofSage,905094516482428931,I wasn't asking to date you. https://t.co/y8SDlaGFOP,,True,,,False,0,0
2017-09-05T15:49:53,GiftofSage,905095651033317376,I need you to read the thread you defended and tell me you really agree with how your little friend behaved and wit… https://t.co/6pp0y7YvZu,,True,,,False,0,0
2017-09-05T15:53:12,GiftofSage,905096485913718784,@AriBerman @Demos_Org Not necessarily. But KKK violence is.,,False,AriBerman,15952856,False,0,0
2017-09-05T15:54:16,GiftofSage,905096753208287233,No. I just want you stand by your convictions and principles here so we can potentially meet in person for a date.… https://t.co/nPYDaWPxd2,,True,,,False,0,0
2017-09-05T16:00:03,GiftofSage,905098206744338434,"@JoyAnnReid Who can be considered 'targets' except undocs, Muslims, and BLM/Antifa as of yet? Oh, and Nazis aren't… https://t.co/IEnLH9rwpp",,False,JoyAnnReid,49698134,False,0,0
2017-09-05T16:01:41,GiftofSage,905098619442913281,@JeffUSAFAMMO Are you still drunk?,,False,JeffUSAFAMMO,879857664716623872,False,0,0
2017-09-05T16:03:45,GiftofSage,905099138588606464,"@KatTimpf Yeah just like Antifa includes violent extremists, gangs, and terrorists, which it doesn't. Oooh.",,False,KatTimpf,170861207,False,0,0
2017-09-05T16:04:42,GiftofSage,905099378372866048,@JeffUSAFAMMO I feel pretty good. Why don't you tell me you really do agree with your friend?,,False,JeffUSAFAMMO,879857664716623872,False,0,0
2017-09-05T16:07:01,GiftofSage,905099961947316225,"This dude still thinks he's woke, said Hillary never said 'super predator'. https://t.co/AsJlIc3VSH",,True,,,False,0,0
2017-09-05T16:33:46,GiftofSage,905106691821363200,@JeffUSAFAMMO Can you show me where it wasn't credible? Please tell me how I got this wrong and shouldn't have said anything.,,False,JeffUSAFAMMO,879857664716623872,False,0,0
2017-09-05T16:35:56,GiftofSage,905107237194125312,@thinkprogress @SpeakerRyan wants legislation.,,False,thinkprogress,55355654,False,0,0
2017-09-05T16:46:47,GiftofSage,905109970152296448,@realDonaldTrump I am not an emotional basket case like you are.,,False,realDonaldTrump,25073877,False,0,0
2017-09-05T16:53:22,GiftofSage,905111624507428865,@TheRoot That's the best photo of her I've ever seen.,,False,TheRoot,23995748,False,0,0
2017-09-05T16:53:51,GiftofSage,905111747010465794,@TheRoot That's really her right? I'm lost. I have autism. lol,,False,TheRoot,23995748,False,0,0
2017-09-05T17:04:54,JBuggarauf,905114526751760385,"@Alyssa_Milano Sorry, but you don't get your own day, bitch",,False,Alyssa_Milano,26642006,False,0,0
2017-09-05T17:07:54,JBuggarauf,905115283588657154,"They can threaten all they want, but no court will entertain a challenge of  rescission of a temporary executive or… https://t.co/bmQGod9NDZ",,True,,,False,0,0
2017-09-05T17:14:07,GiftofSage,905116847590264832,@BLiantii @TheRoot I really thought something happened to her and I don't always see faces the right way. Really. I… https://t.co/j3tD9WSPDi,,False,BLiantii,3122642116,False,0,0
2017-09-05T17:15:31,GiftofSage,905117200712859648,"@KatiePavlich And you are still in favor of a round up or growth? You can't have both, but you can if you are in favor of a round up.",,False,KatiePavlich,48459553,False,0,0
2017-09-05T17:15:54,JBuggarauf,905117295470448640,I want to know who cares about the dreams of the legal kids who are displaced in school and jobs by illegal DACA ki… https://t.co/RhtUU3dFfc,,True,,,False,2,0
2017-09-05T17:18:01,GiftofSage,905117827757199360,And that was a whole conversation in a context. Are you still asking me out? https://t.co/eaX00UR6CE,,True,,,False,0,0
2017-09-05T17:19:42,GiftofSage,905118255114850304,And you think I am a violent extremist? And not your friend? https://t.co/JhFUnY04Ox,,True,,,False,0,0
2017-09-05T17:21:48,JBuggarauf,905118779687845888,"Hasta La Bye Bye, Ricardo Cranium.. https://t.co/Xi3GltQ7XG",,True,,,False,0,0
2017-09-05T17:22:35,GiftofSage,905118979445940224,I'm a male brained autistic person. My mother told me I was a pretty much a man when I was a little girl. https://t.co/SfEVxTyIQ0,,True,,,False,0,0
2017-09-05T17:24:58,JBuggarauf,905119578698670080,@RealJamesWoods @Stanch247 And those are just the domestic accomplishments...,,False,RealJamesWoods,78523300,False,1,0
2017-09-05T17:26:54,GiftofSage,905120066294906880,kk https://t.co/xzPf0tU9IR,,True,,,False,0,0
2017-09-05T17:28:23,JBuggarauf,905120440321949696,"@kausmickey @AnnCoulter Why? Simple, Trump isn't just another ""The buck? It went that way --&gt; "" President.",,False,kausmickey,30534986,False,0,0
2017-09-05T17:31:15,JBuggarauf,905121161142386688,@thefourblackbar @DrMikeSimpson I understand that Trombonist is an elite assignment in the Army. Everything else su… https://t.co/TCaFBceijp,,False,thefourblackbar,187723853,False,0,0
2017-09-05T17:36:29,JBuggarauf,905122476543397890,"@DrMikeSimpson Just for the record (pun intended) many military service records are ""incomplete"" either by intent o… https://t.co/2y1UgRyVHs",,False,DrMikeSimpson,2834498138,False,0,0
2017-09-05T17:39:50,JBuggarauf,905123318654582784,"@DrMikeSimpson 2 - took 3 years with VA to prove where I was stationed, 1-1/2 to prove the place existed, 1-1/2 to… https://t.co/WTzHtpQZit",,False,JBuggarauf,879898081273159680,False,0,0
2017-09-05T17:46:03,JBuggarauf,905124883058761728,"Would be interesting to learn what unique Hep A strain is in San Diego, and where else on the planet that strain ex… https://t.co/2L73FhrXS7",,True,,,False,0,0
2017-09-05T17:47:13,JBuggarauf,905125177775726592,I see Hillary is now blaming Bernie Sanders for her loss. Eventually they all eat their own.,,False,,,False,0,0
2017-09-05T17:50:55,GiftofSage,905126111151095811,@realDonaldTrump said if you are so far as crossing the street near Antifa that you deserve to take partial blame for a Nazi terror attack.,,False,realDonaldTrump,25073877,False,0,0
2017-09-05T17:53:49,GiftofSage,905126839701692417,#blameonbothsides for the protests outside right now.,,False,,,False,0,0
2017-09-05T17:54:45,GiftofSage,905127072472981504,Ya'll there is pink chocolate. https://t.co/ubjQjSGf6n,,True,,,False,0,0
2017-09-05T17:56:36,GiftofSage,905127540272058368,@DLoesch There's a difference between the media (news and commentary) and the free press (press rights).,,False,DLoesch,7702542,False,0,0
2017-09-05T18:04:10,GiftofSage,905129444540592129,And there's a deliberate effort by some media to ignore their own fact checking and pretend they should only do it… https://t.co/eV0IvK6sUr,,True,,,False,0,0
2017-09-05T18:05:41,GiftofSage,905129827107315716,"My stepdad once sexually assaulted me and then stole my diary. He's a White Supremacist named Bryon Zafft in Brookings, SD.",,False,,,False,0,0
2017-09-05T18:06:21,GiftofSage,905129993323368448,He is a former military police officer.,,False,GiftofSage,983294221,False,0,0
2017-09-05T18:07:26,GiftofSage,905130264761954305,I love it. https://t.co/r5HAUKlIRA,,True,,,False,0,0
2017-09-05T18:11:59,GiftofSage,905131410658295811,I'll never forget Mark Steyn calling @DLoesch Head Face,,False,,,False,0,0
2017-09-05T19:38:55,GiftofSage,905153289934733312,"https://t.co/PpDYbnaMik

Goth Doom",,False,,,False,0,0
2017-09-05T19:55:25,GiftofSage,905157439355531265,"Hey, #MSM buy a Slingshot Organizer and roll like an Anarchist. See for yourself.
https://t.co/MkSy2Qo0Bz",,False,,,False,0,0
2017-09-05T20:14:59,GiftofSage,905162363371958274,@AriMelber Did you get the data from the violent extremist I caught? @JBuggarauf Waiting for something to happen. It was extreme threats.,,False,AriMelber,15441965,False,0,0
2017-09-05T20:44:42,GiftofSage,905169842168266754,@WSJ Love it.,,False,WSJ,3108351,False,0,0
2017-09-05T20:46:40,GiftofSage,905170337213632516,I really need help. https://t.co/st4SYY124Q,,True,,,False,0,0
2017-09-05T20:49:09,GiftofSage,905170962869518336,This is making the day better. LOL https://t.co/QLpTTzkqpR,,True,,,False,0,0
2017-09-05T20:50:25,GiftofSage,905171281502457856,@RealTimers Your website is throwing a 500.,,False,RealTimers,455288410,False,0,0
2017-09-05T20:52:05,GiftofSage,905171699850674176,Aren't these the guys in black clothes and bandannas that are a 'group'? Should they be identified by their clothin… https://t.co/NyG1kScP6c,,True,,,False,0,0
2017-09-05T21:00:11,GiftofSage,905173740715212804,@theblaze I love this idea more than a safe space. I think everyone should be allowed to cheer up with petting a do… https://t.co/sIkY4DyNkW,,False,theblaze,10774652,False,0,0
2017-09-05T21:05:30,GiftofSage,905175077586644994,Bingo. https://t.co/Yqsk1pxRbU,,True,,,False,0,0
2017-09-05T21:06:45,GiftofSage,905175390754406404,@MailOnline Sounds like the police just can't keep people safe.,,False,MailOnline,15438913,False,0,0
2017-09-05T22:37:14,JBuggarauf,905198164549951488,@DRUDGE_REPORT Kelly would have Gutierrez back on the Mexican side of the border doing 'bends and motherf'rs' until Trump got tired.,,False,DRUDGE_REPORT,14669951,False,0,0
2017-09-05T22:42:17,JBuggarauf,905199433117196288,"If you want to get a message to Americans, you'll do better if you say it in English. https://t.co/zSECuPhxf4",,True,,,False,0,0
2017-09-05T22:56:56,GiftofSage,905203120875163648,@EdJoyce @adirado29 @Amy_Siskind I love the idea of A's doing this with BLM,,False,EdJoyce,73452506,False,0,0
2017-09-05T22:57:11,GiftofSage,905203181940039681,@EdJoyce @adirado29 @Amy_Siskind Forming words with bodies and photographing.,,False,EdJoyce,73452506,False,0,0
2017-09-06T00:29:39,JBuggarauf,905226455482744832,I can't imagine how it would work otherwise.There's not enough secret service to assign to Kaine's kid to keep Anti… https://t.co/gOKe28iTGW,,True,,,False,1,2
2017-09-06T00:30:52,JBuggarauf,905226759523598336,"@DRUDGE_REPORT Someone pass the popcorn, this should be good..",,False,DRUDGE_REPORT,14669951,False,1,0
2017-09-06T00:35:14,JBuggarauf,905227858527657984,"@DRUDGE_REPORT Pssst, Cher, while they may send you a commendation letter, ICE will not reimburse you for running a… https://t.co/EkMDJLI5mI",,False,JBuggarauf,879898081273159680,False,1,0
2017-09-06T00:36:36,JBuggarauf,905228201600868353,@rharrisonfries @JimW_in_NM That 16 on a fast track back to the motherland.,,False,rharrisonfries,3153844428,False,1,0
2017-09-06T00:41:05,JBuggarauf,905229332972421120,"@gabrielmalor @Magabitchez1231 However, would be lawful only if it were passed by Congress. The President can't mak… https://t.co/90vGEhs5Yi",,False,gabrielmalor,24212955,False,0,0
2017-09-06T00:41:50,JBuggarauf,905229519786729472,@joshgerstein @Magabitchez1231 I can hear the teeth grinding all the way up here..,,False,joshgerstein,64916983,False,0,0
2017-09-06T00:46:12,JBuggarauf,905230618367102976,"@MattFriedmanNJ Prosecutors asked for a minor addition: ""But that's not what was happening here"".",,False,MattFriedmanNJ,242939330,False,0,0
2017-09-06T00:48:34,JBuggarauf,905231214776262656,"@KTHopkins @Magabitchez1231 I'm completing my ""Top Relevant Magazines"" list for 2017. GQ isn't on it.",,False,KTHopkins,21439144,False,1,0
2017-09-06T00:48:50,GiftofSage,905231282027864065,"https://t.co/8z9GEad7EZ

For those that don't know - Chumbawamba are massive Anarchists. #MSM",,False,,,False,0,0
2017-09-06T00:59:39,JBuggarauf,905234003657072640,"@zerohedge Like drinkin, one is OK, two is too much and three ain't enough.
(Shoulda stopped at 2 like I said after… https://t.co/rkkh1iTup3",,False,zerohedge,18856867,False,0,0
2017-09-06T01:02:01,JBuggarauf,905234599524974592,"@DRUDGE_REPORT Through all the smoke? That's the Sun, people..",,False,DRUDGE_REPORT,14669951,False,1,0
2017-09-06T01:06:39,JBuggarauf,905235763981197313,"RT @JackPosobiec: I'm old enough to remember the last time Democrats showed their ""compassion"" to Dreamers https://t.co/fpNhoGyv0k",,False,,,False,0,4505
2017-09-06T01:44:37,GiftofSage,905245318899531778,"A reminder to the #MSM that Partial-Birth Abortion is U.S. Code legal jargon. 
https://t.co/dPBB2EJTX7",,False,,,False,0,0
2017-09-06T01:48:29,GiftofSage,905246293454462976,Awesome https://t.co/7vk1yrNr50,,True,,,False,0,0
2017-09-06T02:14:41,GiftofSage,905252887202291714,"https://t.co/h6Rtv7hwcD

The penguin just made me tear up.",,False,,,False,0,0
2017-09-06T02:22:16,GiftofSage,905254795665080321,@KisanetBeyene77 @Quillette I really like Molly. But I don't do it regularly and wish I could get it as medicine. I… https://t.co/3foyS3QJyQ,,False,KisanetBeyene77,789352881967263745,False,0,0
2017-09-06T02:23:22,GiftofSage,905255072560533504,"I'll be honest, I haven't read it yet. https://t.co/6pbIUVbt6B",,True,,,False,0,0
2017-09-06T02:34:54,GiftofSage,905257974222004224,"@clairlemon @QuilletteM I can't take SSRIs - something in my brain changed on Zoloft and now I don't sleep on them,… https://t.co/hG0Y8zRMX0",,False,clairlemon,1398479138,False,0,0
2017-09-06T02:36:53,GiftofSage,905258473243455488,@clairlemon @QuilletteM On Zoloft I stopped being able to sleep and then after SEVERAL days I started believing I w… https://t.co/Yt2eKFMJvd,,False,clairlemon,1398479138,False,0,0
2017-09-06T02:38:56,GiftofSage,905258990715772929,@clairlemon @QuilletteM It was like I was calmly laying there with my eyes open all night seeing from inside my body.,,False,clairlemon,1398479138,False,0,0
2017-09-06T02:39:39,GiftofSage,905259168151560192,@clairlemon @QuilletteM I wore the cap all night and I could feel it during the experiment.,,False,clairlemon,1398479138,False,0,0
2017-09-06T02:41:43,GiftofSage,905259690510209024,@clairlemon @QuilletteM I've also received EMDR therapy and recovered from a neurosis of a recovered blocked memory stored in my eyes.,,False,clairlemon,1398479138,False,0,0
2017-09-06T02:49:49,GiftofSage,905261729109684226,"https://t.co/jXyY1NHuDw

What @JBuggarauf did was a textbook violent extremist threat.",,False,,,False,0,0
2017-09-06T03:37:24,GiftofSage,905273702350192642,"I'm not watching t.v. at all now. Bye, #MSM You're welcome for the violent extremist I caught.",,False,,,False,0,0
2017-09-06T05:31:50,GiftofSage,905302501901180932,#slingshotnews Should keep a head's up for analysis on the Marine violent extremist.,,False,,,False,0,0
2017-09-06T15:10:53,JBuggarauf,905448225053696000,"@iowahawkblog @Microsoft David, go easy.. he admitted he wasn't a scientist.. https://t.co/HjgCPeivrq",,False,iowahawkblog,149913262,False,0,0
2017-09-06T15:12:46,JBuggarauf,905448698947149824,"@OldMarine1 ..but mostly blows hot air..

(Mornin' Guns..)",,False,OldMarine1,72350324,False,0,0
2017-09-06T15:19:54,JBuggarauf,905450494402760705,"And there's a legal way to get the ""paper"". See US Code passed by Congress.
(Damn democrats think legal is anything… https://t.co/4eODgmrE7M",,True,,,False,0,0
2017-09-06T15:25:42,JBuggarauf,905451950212210688,@SethAMandel @JimW_in_NM With a big enough shovel and sufficient synthetic earth Obama's minions can cover up anything.,,False,SethAMandel,150281740,False,1,0
2017-09-06T15:30:00,JBuggarauf,905453033038815233,@rharrisonfries @JimW_in_NM Maybe not - NYPD is refusing to fingerprint the perps so as not to jeopardize their Dreamer status.,,False,JBuggarauf,879898081273159680,False,1,1
2017-09-06T15:33:16,JBuggarauf,905453854342258689,"@GiftofSage @AriMelber I'm not paying rent for living in your head, but it's nice to know you're still thinking abo… https://t.co/4vQ9N5PGPY",,False,GiftofSage,983294221,False,0,0
2017-09-06T15:37:10,GiftofSage,905454837839654914,You're the best violent extremist on @Twitter https://t.co/rvnG7zV5X7,,True,,,False,0,0
2017-09-06T15:40:02,GiftofSage,905455561122177024,"@jwillia2 @lithub Violent extremist and possible terrorist, @JBuggarauf wants you to read his deleted death threats… https://t.co/scXmXxRfrz",,False,jwillia2,276051935,False,0,0
2017-09-06T15:41:12,JBuggarauf,905455851695104000,Nice of them to demonstrate their capabilities and tactics ahead of time. https://t.co/ct8JVfnUfL,,True,,,False,0,0
2017-09-06T15:41:18,GiftofSage,905455876147781634,"@jwillia2 @lithub I'm not making shit up, he's the first Marine violent extremist. Used real threats of lethality w… https://t.co/AZDjHzU8Rd",,False,jwillia2,276051935,False,0,0
2017-09-06T15:42:10,GiftofSage,905456096726458368,@jwillia2 @lithub I can't stress enough that I am not the fucking one that uses hyperbole. I am dead ASS. Can't mak… https://t.co/9IHmqCwfb7,,False,jwillia2,276051935,False,0,0
2017-09-06T15:42:35,GiftofSage,905456201458229248,@jwillia2 @lithub Download his shit and tell your friends.,,False,jwillia2,276051935,False,0,0
2017-09-06T15:43:37,JBuggarauf,905456462389952513,@GiftofSage @jwillia2 @lithub Nothing has been deleted. I want to make it as easy for you to review and remember as… https://t.co/XeSeZaZVxp,,False,GiftofSage,983294221,False,0,0
2017-09-06T15:44:33,GiftofSage,905456697577230336,You know Twitter has a developer API and I have a CSV of your last 3200 or so tweets cus they aren't deleted when y… https://t.co/9qdaXcEsGJ,,True,,,False,0,0
2017-09-06T15:44:57,JBuggarauf,905456797598621697,"@RyanMaue @JimW_in_NM @IngrahamAngle @SecretaryCarson Well, that's one of 4 possibilities..",,False,RyanMaue,16117029,False,0,0
2017-09-06T15:45:30,GiftofSage,905456935884947456,Do you need to see your own data to make this real? I have every threat you made downloaded with all relevant data… https://t.co/v2xl2LoTHp,,True,,,False,0,0
2017-09-06T15:45:50,GiftofSage,905457018315710464,"You are going to fucking jail, asshole. https://t.co/g2PRmK0Dr0",,True,,,False,0,0
2017-09-06T15:46:51,GiftofSage,905457275699167235,@brokeymcpoverty That's nasty.,,False,brokeymcpoverty,15932715,False,0,0
2017-09-06T15:47:20,GiftofSage,905457395555557377,@VICE Play Magic in college @wizards_magic,,False,VICE,23818581,False,0,0
2017-09-06T15:49:03,JBuggarauf,905457829393317888,"If you have to be a citizen to vote, and to be naturalized as a citizen you need to speak english, why are our ball… https://t.co/0wEa9riFxG",,True,,,False,0,0
2017-09-06T15:50:42,GiftofSage,905458242242965504,"@CornelWest Dr., read some death threats made by a Marine violent extremist. I'm merging tweets today, will post later. #Antifa save lives",,False,CornelWest,36743910,False,0,0
2017-09-06T15:54:37,GiftofSage,905459231184359425,deserving https://t.co/wYJlns6xqz,,True,,,False,0,0
2017-09-06T16:00:57,GiftofSage,905460825015627777,But we don't even have @judaspriest in the Hall of Fame yet.,,False,GiftofSage,983294221,False,0,0
2017-09-06T16:03:20,GiftofSage,905461424352309249,"@LotusOak @andrewmorrisuk I hate to be the one, but medical cannabis.",,False,LotusOak,424711422,False,0,0
2017-09-06T16:04:38,GiftofSage,905461749268324352,@VICE An epic wave of Anarchists.,,False,VICE,23818581,False,0,0
2017-09-06T16:06:07,GiftofSage,905462124230660099,@TimeOutLondon I need Dunkin' / Baskin' to do a vegan one.,,False,TimeOutLondon,22906929,False,0,0
2017-09-06T16:07:32,GiftofSage,905462477751758850,@FortuneMagazine Partially because the president blamed the population for a terror attack just recently.,,False,FortuneMagazine,25053299,False,0,0
2017-09-06T16:08:42,JBuggarauf,905462775400374273,"@DRUDGE_REPORT Um, check the Zoo? Probably took the express bus down HWY 75 and got off  at the Stockbridge park an… https://t.co/7Yat6W1Q2D",,False,DRUDGE_REPORT,14669951,False,1,0
2017-09-06T16:11:45,GiftofSage,905463541108424704,Kim's doctor had to reach his arm inside her and scrape her placenta with his fingernails. True story below. https://t.co/89pJBhgOMA,,True,,,False,0,0
2017-09-06T16:12:03,JBuggarauf,905463614458413056,"@GiftofSage Rent free..  (Thanks for playing, you are fun..I haven't laughed this much since the bug-zapper broke)",,False,GiftofSage,983294221,False,0,0
2017-09-06T16:14:11,JBuggarauf,905464152512008192,"Man, have I got this antifa weenie going hard or what? Told it I'd respond to violence with violence and it can't h… https://t.co/RFSE3fA1hD",,True,,,False,1,0
2017-09-06T16:17:48,JBuggarauf,905465065360338949,"I'll bet an apple fritter in 5 years people will be saying ""Oh yea, I think I remember them.."" https://t.co/3YgOpHt9S6",,True,,,False,1,0
2017-09-06T16:23:27,JBuggarauf,905466487212621825,@DRUDGE_REPORT Interesting concept: Honoring people based on who did or didn't own them.,,False,DRUDGE_REPORT,14669951,False,0,0
2017-09-06T16:29:54,JBuggarauf,905468108441128960,Deja Vu all over again.. https://t.co/TUXwAnGztH,,True,,,False,1,0
2017-09-06T16:30:46,JBuggarauf,905468325945212930,@Harry1T6 @KurtSchlichter @TheDemocrats Like shit through a goose..,,False,Harry1T6,234548424,False,0,0
2017-09-06T16:46:45,JBuggarauf,905472347716558854,"Don't throw logic into this, you'll completely fuck up the narrative.. https://t.co/dTZ77zjWnN",,True,,,False,0,0
2017-09-06T16:51:06,GiftofSage,905473441637298176,"@EboniKWilliams I need you to tell a former Marine to call his fucking lawyer and stop tweeting, he's making death threats involving intim",,False,EboniKWilliams,396704627,False,0,0
2017-09-06T16:51:21,JBuggarauf,905473508582424576,Pretty much sums it up.. (the death screams are the loudest..) https://t.co/ONu4MjevJC,,True,,,False,0,0
2017-09-06T16:52:46,GiftofSage,905473861281394688,"@EboniKWilliams his handle is @JBuggarauf 
He just won't stop threatening to shoot protesters. Read his data. He's even pretending not del'd",,False,EboniKWilliams,396704627,False,0,0
2017-09-06T16:53:50,GiftofSage,905474133433208832,You aren't a target. You are threatening to shoot both sides of a fight not involving you. https://t.co/4lHTTHy9Ka,,True,,,False,0,0
2017-09-06T16:53:53,JBuggarauf,905474143428108288,@zerohedge Anyone who thought otherwise please stop watching the MSM..,,False,zerohedge,18856867,False,0,0
2017-09-06T17:00:47,JBuggarauf,905475879387619328,@GiftofSage Everyone is your fucking target. And I don't stand by and watch assaults.,,False,GiftofSage,983294221,False,0,0
2017-09-06T17:06:12,JBuggarauf,905477241995386880,@MastaKace @CebuSalute @BarackObama Secret Service: Why do you come here every day asking to see Obama? He's not pr… https://t.co/h9liDrpFUq,,False,MastaKace,77720897,False,2,0
2017-09-06T17:09:28,JBuggarauf,905478065437892608,@xmssweetnessx @seymourbutz12 I just wish this was Constitutional too.,,False,xmssweetnessx,1345577744,False,1,0
2017-09-06T17:09:52,GiftofSage,905478165539291138,"Not true. I've never hit anyone at a protest. You are making threats via intimidation, not us. Find any one of us m… https://t.co/IAPD1E9dqf",,True,,,False,0,0
2017-09-06T17:12:10,GiftofSage,905478747276619778,"Yeah, that's a rando profiling for real. https://t.co/kr602IAIGS",,True,,,False,0,0
2017-09-06T17:16:45,JBuggarauf,905479897518284802,@WarHistoryOL $1 a piece?  Aren't YOU the comedian.,,False,WarHistoryOL,244912769,False,0,0
2017-09-06T17:18:17,GiftofSage,905480282530336768,Interesting https://t.co/hTC0AXoZAz,,True,,,False,0,0
2017-09-06T17:19:16,GiftofSage,905480533580402690,kk https://t.co/sn4j0ZHYjM,,True,,,False,0,0
2017-09-06T17:20:03,JBuggarauf,905480729122881536,"@GiftofSage If you've never hit anyone. broken store front windows, burned cars. etc., just protested, than you have nothing to worry about.",,False,GiftofSage,983294221,False,0,0
2017-09-06T17:20:21,GiftofSage,905480804247142400,@RBwalksintoabar @Stage32 I'm actually thinking of taking prisoners. lol,,False,RBwalksintoabar,2753205853,False,0,0
2017-09-06T17:20:53,GiftofSage,905480939266027520,"So, you're still going to shoot people for fighting each other? https://t.co/KydFQClZPL",,True,,,False,0,0
2017-09-06T17:22:05,JBuggarauf,905481241893380097,@DRUDGE_REPORT I guess now I sue the government too when one of those silly things fails and runs into me?,,False,DRUDGE_REPORT,14669951,False,0,0
2017-09-06T17:26:36,JBuggarauf,905482378264449024,"@polNewsInfinity @seymourbutz12 Beg, bitches.. (It won't help but it sorta makes up for your earlier disrespect..)… https://t.co/RYVscf09vm",,False,polNewsInfinity,900036640986603525,False,1,0
2017-09-06T17:29:24,JBuggarauf,905483081125003264,"@zerohedge They've ignored Trump up to now, what changed? 
GOP has the complete power to do what it wants - quit whining bitches.",,False,zerohedge,18856867,False,0,0
2017-09-06T17:30:54,GiftofSage,905483460948746240,I'm going to hopefully work with a source to help expose some unethical human experimentation on the service members of the military.,,False,,,False,0,0
2017-09-06T17:35:31,GiftofSage,905484620078219266,I'm a habitual Anarchist who feeds people from discarded food in bags on the sidewalks of Manhattan whenever I am there. #Anarchism,,False,,,False,0,0
2017-09-06T17:36:36,JBuggarauf,905484894356234240,"@Flash_inthe_Dan @janebrett11 @Rockprincess818 ..and other irrelevant statistics as well, I'm sure.",,False,Flash_inthe_Dan,305590095,False,0,0
2017-09-06T17:38:05,GiftofSage,905485269457100803,THIS https://t.co/XU854Kp1fM,,True,,,False,0,0
2017-09-06T17:40:52,JBuggarauf,905485965812129792,"@GiftofSage This is *my* country - violence is not acceptable, but if you decide to initiate it, know that my respo… https://t.co/EhHq9ZEKyv",,False,GiftofSage,983294221,False,0,0
2017-09-06T17:50:03,JBuggarauf,905488276986896384,"@Mediaite You have the majority of both houses, you have to sell it to the American people. (Maybe you fuckers will… https://t.co/Lc6ifkcQvi",,False,Mediaite,29465136,False,1,0
2017-09-06T17:52:17,GiftofSage,905488839149543425,You are saying you will shoot to kill if we fight? Please just spell it out. I want to make sure you are serious ab… https://t.co/0m6xggZ8m9,,True,,,False,0,0
2017-09-06T17:54:36,GiftofSage,905489423864918018,"If you shoot one of us, you are going to start an actual war. https://t.co/qrS4rjiD1P",,True,,,False,0,0
2017-09-06T17:57:34,GiftofSage,905490169033347075,"Hey, FEDS, tell DT that I'm going to help Franken beat his fucking ass.",,False,,,False,0,0
2017-09-06T17:58:50,JBuggarauf,905490490669203460,"@GiftofSage I can't spell it out any more clearly. Start violence, and the consequences will be unpleasant in the extreme.",,False,GiftofSage,983294221,False,0,0
2017-09-06T18:00:55,GiftofSage,905491012818276352,But how do you decide who started it? https://t.co/CeJSU4xsi5,,True,,,False,0,0
2017-09-06T18:01:35,GiftofSage,905491183333515264,"If I wanted to shoot them, could I just shoot them? Should I do that instead? https://t.co/CeJSU4xsi5",,True,,,False,0,0
2017-09-06T18:01:36,JBuggarauf,905491185665327104,"@GiftofSage You start violence, you start the war, but it would be over quick and one you would lose badly. Adults are tired of your shit.",,False,GiftofSage,983294221,False,0,0
2017-09-06T18:02:21,GiftofSage,905491375688429568,"Um, you can just not show up, you don't have to shoot anyone. Should I shoot them with you? https://t.co/HwNyv7DuS9",,True,,,False,0,0
2017-09-06T18:04:21,JBuggarauf,905491875561213952,"@GiftofSage Protest all you want, but inflict no harm or damage to anyone or anything else. That's your limits.",,False,GiftofSage,983294221,False,0,0
2017-09-06T18:04:51,GiftofSage,905492003097542658,"Or? So, I can shoot them too? https://t.co/bQd79MSz0J",,True,,,False,0,0
2017-09-06T18:05:34,JBuggarauf,905492185222709251,"@GiftofSage Um, you can just protest peacefully and I don't have to respond at all.",,False,GiftofSage,983294221,False,0,0
2017-09-06T18:06:03,GiftofSage,905492303791497216,Can I respond like you? https://t.co/zneTmfSEo8,,True,,,False,0,0
2017-09-06T18:07:07,JBuggarauf,905492572583419904,"@GiftofSage We're going in circles, now. This conversation is over, I have some stocks to trade. See ya...",,False,GiftofSage,983294221,False,0,0
2017-09-06T18:09:08,JBuggarauf,905493082090737664,"@GiftofSage If you defend yourself you have my blessing. If you swing first, you're done.
Simple enough?",,False,GiftofSage,983294221,False,0,0
2017-09-06T18:09:36,GiftofSage,905493197450874881,You blamed us for starting a war you want to start. https://t.co/FGZE7cY1gZ,,True,,,False,0,0
2017-09-06T18:10:07,JBuggarauf,905493330703863812,@GiftofSage I'm watching.,,False,GiftofSage,983294221,False,0,0
2017-09-06T18:11:23,GiftofSage,905493646446702592,And if I want to be at the protest what will happen? https://t.co/pJyf29pq8R,,True,,,False,0,0
2017-09-06T18:13:16,JBuggarauf,905494121992871937,"@0rganists @KeenEyedCat @WinterDaybreak @Skylar_Writer @ObscuredLeg If I say I admit it will it end the BS? If not,… https://t.co/w7CjJSn7xr",,False,0rganists,3292300912,False,0,0
2017-09-06T18:51:38,GiftofSage,905503777595248641,"https://t.co/l4T53acpAe

For the #MSM",,False,,,False,0,0
2017-09-06T18:54:40,GiftofSage,905504541415804930,"https://t.co/dxKqtYqXzc

Against identity politics",,False,,,False,0,0
2017-09-06T19:05:46,GiftofSage,905507334998425600,"""And paradoxically, to heal from trauma, one needs to theorise and intellectualise it.""",,False,GiftofSage,983294221,False,0,0
2017-09-06T19:12:08,GiftofSage,905508937293852672,"https://t.co/DZpMsr5Blw

Riots and rebellions, oh my",,False,,,False,0,0
2017-09-06T19:15:18,GiftofSage,905509733083344896,"@thehill She did that to me. They should pay attention to the Marine making death threats. 
@JBuggarauf",,False,thehill,1917731,False,0,0
2017-09-06T19:17:15,GiftofSage,905510223825301504,I totally agree https://t.co/Q2r7O89vcY,,True,,,False,0,0
2017-09-06T21:39:30,GiftofSage,905546021069090817,https://t.co/EWoGuH7OLJ,,False,,,False,0,0
2017-09-06T21:41:06,GiftofSage,905546425425125376,"So, what if I am going to go hold a club or hit someone who hits me or hold people back from hurting others? https://t.co/pJyf297Phj",,True,,,False,0,0
2017-09-06T21:44:30,GiftofSage,905547281847504898,@telfieapp Dear White People,,False,telfieapp,7885972,False,1,0
2017-09-06T21:47:46,GiftofSage,905548103243231233,@FuckinQueer I give zero fucks about meeting some made up shit about having to agree with anyone anytime ever.,,False,FuckinQueer,269491752,False,0,0
2017-09-06T22:00:23,GiftofSage,905551276062253058,Hilarious https://t.co/YxGeoZfMzA,,True,,,False,0,0
2017-09-06T22:09:49,GiftofSage,905553650470313984,@VICE I don't think they have the right to do that unless he was there as a student when he did it. I'm not into hyper subjective rights.,,False,VICE,23818581,False,0,0
2017-09-06T22:11:59,GiftofSage,905554195557834753,Mustache lawyer https://t.co/AZrbzntczT,,True,,,False,0,0
2017-09-06T22:40:47,GiftofSage,905561443554250752,"https://t.co/LfpsdSB1oF

Electric Wizard - Legalize Drugs and Murder
I am the Witchfinder, @realDonaldTrump",,False,,,False,0,0
2017-09-06T22:56:47,GiftofSage,905565472048984065,That's @HallieJackson and she is awesome https://t.co/ZB1nanqzjP,,True,,,False,0,0
2017-09-06T23:01:12,GiftofSage,905566581614358529,"https://t.co/Fz1WMMDuUx

It's your funeral.",,False,,,False,0,0
2017-09-07T00:13:27,JBuggarauf,905584766241480704,"@GiftofSage Nope.. I'm a lousy conversant and worse negotiator, but I'm pure hell in a firefight, You're warned and… https://t.co/8L8WMu414K",,False,GiftofSage,983294221,False,0,0
2017-09-07T00:23:25,JBuggarauf,905587274477219840,"@nawdawg2 @HumanRightsJim @KurtSchlichter If you have to claim you're to be a logical person, you're not. It's eith… https://t.co/jg4Ox2L28e",,False,nawdawg2,796189968037191680,False,0,0
2017-09-07T00:33:30,JBuggarauf,905589810269609984,"@PoliticalShort @sandboxvet1 @SenatorDurbin @SenFeinstein Article 6:""...no religious Test shall ever be required as… https://t.co/WcZ91T4xiO",,False,PoliticalShort,247981000,False,4,2
2017-09-07T00:44:02,JBuggarauf,905592461975621632,@polNewsInfinity I got a jelly doughnut says Trump released it back channel.,,False,polNewsInfinity,900036640986603525,False,0,0
2017-09-07T00:47:20,JBuggarauf,905593289792921602,"@themissystone @seymourbutz12 @LucidHurricaneX DACA now expires right before the primaries. Missy, don't play poker… https://t.co/5ponacDaBQ",,False,themissystone,3675156676,False,0,0
2017-09-07T00:52:36,JBuggarauf,905594617852174336,"@JMCFRAVA @nawdawg2 @HumanRightsJim @KurtSchlichter So it's ""not to be""? Is that the question?",,False,JMCFRAVA,760594619641933824,False,0,0
2017-09-07T00:55:55,JBuggarauf,905595450903863296,@LouDobbs @seymourbutz12 @POTUS Not at all - R&amp;M have the power to do anything they want. They render themselves irrelevant.,,False,LouDobbs,26487169,False,1,0
2017-09-07T11:25:50,GiftofSage,905753974170685440,@AriMelber Who says I'm not?,,False,AriMelber,15441965,False,0,0
2017-09-07T11:28:17,GiftofSage,905754593350516736,@chrislhayes I wish my mom were dead.,,False,chrislhayes,4207961,False,0,0
2017-09-07T11:32:33,GiftofSage,905755663829225472,@KatTimpf And you're ignorant and feel lucky not to know about Anarchists.,,False,KatTimpf,170861207,False,0,0
2017-09-07T11:41:10,GiftofSage,905757833261666304,B/c that's a girl https://t.co/3j0A8LXQb3,,True,,,False,0,0
2017-09-07T11:46:13,GiftofSage,905759103888367616,"@alwaystheself Start a business, web app, or an expert blog",,False,alwaystheself,885594949,False,1,0
2017-09-07T11:51:50,GiftofSage,905760517758697472,"@politico Because her rapist husband does her math and IT for her, yet a rapist is unfit to be president according… https://t.co/lfpua8tJ94",,False,politico,9300262,False,0,0
2017-09-07T15:01:23,GiftofSage,905808221654409217,@NoFlashCards @alwaystheself What's your blog?,,False,NoFlashCards,16950069,False,0,0
2017-09-07T16:12:32,GiftofSage,905826127624761346,@JBuggarauf You arrested yet?,,False,JBuggarauf,879898081273159680,False,0,0
2017-09-07T16:14:44,GiftofSage,905826677862924290,@JBuggarauf and others on here who are just as stupid - I can download everything you are tweeting and I do. Fuck you.,,False,JBuggarauf,879898081273159680,False,0,0
2017-09-07T17:18:06,JBuggarauf,905842625088856064,Kurt captured it..  must read. https://t.co/6FLJPm4Lne,,True,,,False,0,0
2017-09-07T17:28:00,GiftofSage,905845118166601730,"@LouDobbs The Marine, @JBuggarauf, has been reported to federal law enforcement. Read his data. He's a violent extremist.",,False,LouDobbs,26487169,False,0,0
2017-09-07T17:28:12,JBuggarauf,905845167969656832,"@JMCFRAVA @nawdawg2 @HumanRightsJim @KurtSchlichter Cool, I'll footnote Hamlet. Confusion now hath surrendered his masterpiece.",,False,JMCFRAVA,760594619641933824,False,0,0
2017-09-07T17:28:39,GiftofSage,905845280146378752,@LouDobbs @JBuggarauf I'm only telling @LouDobbs so @JBuggarauf can see that I am still reading his tweets even though he blocked me.,,False,GiftofSage,983294221,False,0,0
2017-09-07T17:29:02,JBuggarauf,905845379714867201,@themissystone @seymourbutz12 @LucidHurricaneX i understand your angst..,,False,themissystone,3675156676,False,1,0
2017-09-07T17:30:40,JBuggarauf,905845787363393536,@CebuSalute Hiding in the blind-spot of transparency.,,False,CebuSalute,28985451,False,0,0
2017-09-07T17:33:39,GiftofSage,905846539247128582,Looks like @JBuggarauf hasn't tweeted for a some hours. Hmmm.,,False,,,False,0,0
2017-09-07T17:39:02,JBuggarauf,905847894694957056,And can write the Lord's prayer in Farsi on the head of a pin- displacing Studebaker Hawk as the new superhero of t… https://t.co/XO7EMX1JCM,,True,,,False,0,0
2017-09-07T17:42:01,JBuggarauf,905848645538373632,"@FoxNews @rains6944 @POTUS Washington DC remains completely unprepared for Hurricane #MAGA, however.",,False,FoxNews,1367531,False,0,0
2017-09-07T17:47:07,GiftofSage,905849928731283456,"@FridaGhitis Well, when does he acknowledge that A's go to meticulous lengths not to kill people unlike the KKK.? W… https://t.co/nCLqQcmhlt",,False,FridaGhitis,235199409,False,0,0
2017-09-07T17:48:31,GiftofSage,905850279224115202,"@NoiseyMusic NNOOOOOOOO

He can hang out with the Anarchists if he wants to dress down like that. Go to Food Not Bombs.",,False,NoiseyMusic,251433567,False,0,0
2017-09-07T17:48:52,JBuggarauf,905850367929270272,"@MilitaryEarth Square that rifle, soldier. That bullet won't go where the scope indicates it will with the rifle at that angle.",,False,MilitaryEarth,2357142594,False,1,0
2017-09-07T17:50:09,GiftofSage,905850691595509763,"@JoyAnnReid Well, yes. But that's a good republican strategy. They know when they have strict dominance.… https://t.co/lxAlAwrZ9D",,False,JoyAnnReid,49698134,False,0,0
2017-09-07T17:50:55,JBuggarauf,905850884541710336,No - the total amount of intelligence allotted to this planet is a constant - only the population is increasing. https://t.co/e2VpYtLUN6,,True,,,False,1,0
2017-09-07T17:52:34,JBuggarauf,905851300536922112,"@FoxNews @rains6944 @FLGovScott Is there any other kind of devastation besides ""catastrophic""?
#redundancyalert",,False,FoxNews,1367531,False,1,0
2017-09-07T17:53:49,JBuggarauf,905851616623943680,"@OldMarine1 You don't think we have enough laws already?

(Morning Guns..)",,False,OldMarine1,72350324,False,0,0
2017-09-07T17:54:46,JBuggarauf,905851854877114369,@DRUDGE_REPORT Effectively lowering the average intelligence of both organizations simultaneously.,,False,DRUDGE_REPORT,14669951,False,0,0
2017-09-07T18:00:37,JBuggarauf,905853326482317312,"Add DACA expires right before midterm primaries and the debt ceiling before Christmas, the GOP better get with the… https://t.co/Sd4K2FyKQS",,True,,,False,1,1
2017-09-07T18:07:20,JBuggarauf,905855015532716032,"@DRUDGE_REPORT Can I pretend I don't see the race of the ""customers""? I don't want to be considered ""racist"" or anything..",,False,DRUDGE_REPORT,14669951,False,1,0
2017-09-07T18:11:08,JBuggarauf,905855972953866240,5 - it's fun pissing them off. https://t.co/2od9gXNlaD,,True,,,False,0,0
2017-09-07T18:20:32,JBuggarauf,905858337559871491,"@tomborelli @rains6944 No, Burien is the America Seattle sees, it's not a microcosm of America as it actually is.",,False,tomborelli,54306830,False,1,0
