screen_name,id,created_at,text,contributors,is quote,favorite count,in reply to,in reply to id,retweet count,favorited
JBuggarauf,904101955189915648,2017-09-02T22:01:18,"RT @GScottTaylor: @MichaelSkolnik And you found people polite, friendly and tolerant of your right to express.your views.  Try a Trump shir…",,False,0,,,407,False
JBuggarauf,904102899306790916,2017-09-02T22:05:03,@ThisGroovyMama @GScottTaylor @MichaelSkolnik Right - My neighbor has his back window bashed in and his MAGA hat on… https://t.co/aemUNYtd84,,False,3,ThisGroovyMama,823320945913802753,0,False
JBuggarauf,904222339641991168,2017-09-03T05:59:40,@DestructiveChem @undertoad80 @wcrego @billhrsn @KurtSchlichter @JayCaruso Nobody is trying to change your mind - t… https://t.co/P6GqQernTk,,False,0,DestructiveChem,4161633555,0,False
JBuggarauf,904223571525779456,2017-09-03T06:04:33,"@seymourbutz12 Enjoy both, before they figure out Arlington was Gen Lee's home, and several Marines in the Iwo Jima… https://t.co/Q7VBDIIZQT",,False,1,seymourbutz12,4735176079,0,False
JBuggarauf,904225994910736386,2017-09-03T06:14:11,@johncardillo The gang population in California just quadrupled over night..,,False,0,johncardillo,27995424,0,False
GiftofSage,904369666721767424,2017-09-03T15:45:05,The Left #MSM has been calling anything they can terrorism and finally got to call a white supremacist a terrorist without thinking. #AMJoy,,False,0,,,0,False
GiftofSage,904369894082437121,2017-09-03T15:45:59,"It like now that the president really sympathizes with terrorism, even the Left has gone soft. But it's because they think he can't win.",,False,0,,,0,False
GiftofSage,904370202275717123,2017-09-03T15:47:13,"The Left loses when they think their opponent can't win. #AMJoy 
I think he can win b/c people don't see he blamed the population for terror",,False,0,,,0,False
GiftofSage,904370682221518848,2017-09-03T15:49:07,He blamed everyone for terror b/c terror is really about everyone. The WS wanted #blameonbothsides to their strategy of taking to mainstream,,False,0,,,0,False
GiftofSage,904373850523262977,2017-09-03T16:01:43,@FilmFatale_NYC Fallacy,,False,0,FilmFatale_NYC,37340424,0,False
JBuggarauf,904380586181005312,2017-09-03T16:28:28,"On just the Q's and As in that video, Comey should have been fired, if not prosecuted. W/earlier draft of exonerati… https://t.co/geY7BkG66C",,True,0,,,0,False
JBuggarauf,904382364142288897,2017-09-03T16:35:32,You think I'm pulling that cat into *my* rescue boat? Not on your life or its.. https://t.co/plqHAMW5OY,,True,0,,,0,False
GiftofSage,904383801098469377,2017-09-03T16:41:15,@HallieJackson @POTUS He's waiting for them to hit land. He knows they're bluffing. They're blu,,False,0,HallieJackson,37590426,0,False
JBuggarauf,904384628030447616,2017-09-03T16:44:32,"@DineshDSouza @IngrahamAngle @nytimes @DouthatNYT Wow, @DouthatNYT's  nose up someones ass while sucking away too i… https://t.co/91iUFcEHF4",,False,0,DineshDSouza,91882544,0,False
GiftofSage,904384812038983680,2017-09-03T16:45:16,@vicenews They can't label Antifa a gang. It's a non organization with decades of history and no individual joined… https://t.co/HbU6N8vEAw,,False,0,vicenews,1630896181,0,False
GiftofSage,904384976493346816,2017-09-03T16:45:55,"@vicenews It's not classified a ""group"" legally. There's nothing tying them together. They have no rules about behavior or intimidation.",,False,0,vicenews,1630896181,0,False
GiftofSage,904385163550969856,2017-09-03T16:46:40,"@vicenews For them to be a gang, there has to be protocol among group members, but Antifa are really just an open b… https://t.co/hOd1Y8bha0",,False,0,vicenews,1630896181,0,False
GiftofSage,904385371093524480,2017-09-03T16:47:29,@vicenews The A's have been outsmarting law enforcement and conservatives for a shitload longer than they've had th… https://t.co/VQuMMH76f4,,False,0,vicenews,1630896181,0,False
GiftofSage,904385835692380160,2017-09-03T16:49:20,"@vicenews The thing is, there's no reason you can't be Antifa and not hit someone until they hit you. Otherwise, th… https://t.co/p24kzYDKtP",,False,0,vicenews,1630896181,0,False
GiftofSage,904386646250053632,2017-09-03T16:52:33,"@vicenews because they allow people to participate but not as an actual group that you have to hit people to be involved with, a ""gang"".",,False,0,GiftofSage,983294221,0,False
JBuggarauf,904386751694741504,2017-09-03T16:52:58,I wonder if there will be any Presidential popularity polls published in the next week? https://t.co/LRK71jAyFb,,True,0,,,0,False
GiftofSage,904388470570971136,2017-09-03T16:59:48,THIS makes sense https://t.co/QQ65RK18rW,,True,0,,,0,False
JBuggarauf,904388663127060484,2017-09-03T17:00:34,@judalon_harris @vicenews Question from 1963..,,False,0,judalon_harris,369231528,1,False
JBuggarauf,904388901724291072,2017-09-03T17:01:31,"@GaddyTam12ge @vicenews @brettly4967 I don't care what you say, but put down the club or I'll shoot your ass.",,False,0,GaddyTam12ge,2574837761,0,False
JBuggarauf,904389032288731136,2017-09-03T17:02:02,"@GiftofSage @vicenews Free range targets of opportunity, in other words..",,False,0,GiftofSage,983294221,0,False
JBuggarauf,904389192242814976,2017-09-03T17:02:40,"@GiftofSage @vicenews Then nobody should care if the not-a-real-group gets shot at, right?",,False,0,GiftofSage,983294221,0,False
JBuggarauf,904390070815268864,2017-09-03T17:06:10,"@GiftofSage @vicenews Your ""they allow people to participate"" statement betrays your claim of not being a group or… https://t.co/VRxJSqXU7w",,False,0,GiftofSage,983294221,0,False
JBuggarauf,904391262056267776,2017-09-03T17:10:54,"@Annawoo18327628 @CebuSalute To live a blissful life, you must lose your concern of being wrong.",,False,1,Annawoo18327628,876154627460386817,0,False
JBuggarauf,904392104058675200,2017-09-03T17:14:15,@Annawoo18327628 @CebuSalute ..but digitally mastering your first rock album is totally awesome.,,False,1,Annawoo18327628,876154627460386817,0,False
JBuggarauf,904395285178155008,2017-09-03T17:26:53,@nontolerantman Accuse me of being racist often enough and at some point I likely WILL go all racist on your ass.,,False,0,nontolerantman,3307670633,0,False
JBuggarauf,904395747281444864,2017-09-03T17:28:43,"@instapundit Not me, it's obviously bunk shit..",,False,0,instapundit,727472528,0,False
GiftofSage,904397671619842048,2017-09-03T17:36:22,Bring it. We have guns too. https://t.co/Ub7zElMznw,,True,0,,,0,False
GiftofSage,904397752708235265,2017-09-03T17:36:41,"You will be killed back next time, terrorist. https://t.co/5VkzXie0bB",,True,0,,,0,False
GiftofSage,904398572589862912,2017-09-03T17:39:57,"No it doesn't. A gang has specific protocol and expectations of members, reasons they are called a ""gang"". No one i… https://t.co/350puVl7xl",,True,0,,,0,False
GiftofSage,904398769139146752,2017-09-03T17:40:44,"They allow open participation. That's the literal opposite of a ""gang"". You will be shot at for shooting at us. Don… https://t.co/K6oPvVt6pk",,True,0,,,0,False
GiftofSage,904400431522213888,2017-09-03T17:47:20,@ImaCultClassic @RichardBSpencer @Gavin_McInnes Yeah. He forgot about symmetry. https://t.co/8pVDRvVToH,,False,0,ImaCultClassic,35983311,0,False
JBuggarauf,904403733328535552,2017-09-03T18:00:27,"@GiftofSage Once you use the words ""they allow"" you are talking about a group. Period. You contradict yourself with ignorance.",,False,0,GiftofSage,983294221,0,False
JBuggarauf,904404262033154048,2017-09-03T18:02:33,"@GiftofSage Not terrorist, US Marine.. and professionals have tried to kill me and failed. Spoiled violent children are no contest.",,False,0,GiftofSage,983294221,0,False
JBuggarauf,904404655706222592,2017-09-03T18:04:07,@GiftofSage Do you know how to use them accurately and with tactical precision? You're getting all blustery with a… https://t.co/NGNSJuauN6,,False,0,GiftofSage,983294221,0,False
JBuggarauf,904405159136043008,2017-09-03T18:06:07,"@GiftofSage BY the way, if it were to come to that, I don't ""shoot at"" people, I just shoot people and they don't s… https://t.co/9iQeyFbZr2",,False,0,GiftofSage,983294221,0,False
GiftofSage,904413373575700481,2017-09-03T18:38:46,@realDonaldTrump said any of you are to blame for getting hit with terrorism if you associate with Antifa @FoxNews #b,,False,0,realDonaldTrump,25073877,0,False
GiftofSage,904413451832799232,2017-09-03T18:39:04,@realDonaldTrump @FoxNews #blameonbothsides,,False,0,GiftofSage,983294221,0,False
GiftofSage,904413708943798272,2017-09-03T18:40:06,You will be shot without warning to you before you can shoot anyone. I'll do it myself if I have to. Bring it RVA. https://t.co/qec6kccXvW,,True,0,,,0,False
GiftofSage,904414030370045953,2017-09-03T18:41:22,I'll kill you. You are nothing. Marines aren't immune to terrorism. You're a fucking terrorist. https://t.co/clTpLa8upt,,True,0,,,0,False
GiftofSage,904414344930353153,2017-09-03T18:42:37,You are a fucking terrorist. Marines aren't immune. You just told me we were targets and should be shot for protest… https://t.co/TohIaj3GF4,,True,0,,,0,False
GiftofSage,904414663777148928,2017-09-03T18:43:53,Keep saying you are allowed to kill protesters and you can't be a terrorist for it because you're a non state actor… https://t.co/j4cu9po8dq,,True,0,,,0,False
GiftofSage,904419149807570945,2017-09-03T19:01:43,"So, @JBuggarauf thinks he can 1) hide tweets from being downloaded and 2) that being a conservative means he's immune to terrorism.",,False,0,,,0,False
GiftofSage,904419644680921090,2017-09-03T19:03:41,@AnnCoulter @realDonaldTrump You missed out on former Marine terrorist in my mentions a few secs ago. Enjoy as much… https://t.co/9MAAgGNF1S,,False,0,AnnCoulter,196168350,0,False
GiftofSage,904421183189389322,2017-09-03T19:09:48,@AkiPeritz @kkeelingjohnson He said all with any not all with all.,,False,0,AkiPeritz,320789928,0,False
GiftofSage,904437316147695616,2017-09-03T20:13:54,"@JoyAnnReid Hey, a former Marine is threatening to shoot Antifa directly on @Twitter. I just reported his ass to the FEDS. @JBuggarauf",,False,0,JoyAnnReid,49698134,0,False
GiftofSage,904438456721559553,2017-09-03T20:18:26,@FoxNews @JudgeJeanine Yes. And he also needs to tell the general population the @POTUS doesn't know what terrorism… https://t.co/PrIEW80Jws,,False,0,FoxNews,1367531,0,False
GiftofSage,904438970033065984,2017-09-03T20:20:28,@radicalhearts Yep.,,False,0,radicalhearts,22101273,0,False
GiftofSage,904469136079814656,2017-09-03T22:20:20,"@FoxNews @robertjeffress @realDonaldTrump DT just reserves the right to blame anyone but the actor for terrorism, h… https://t.co/SbnyE6IDLg",,False,0,FoxNews,1367531,0,False
GiftofSage,904478527730409473,2017-09-03T22:57:40,"@FoxNews @adrienneelrod I think he's keeping it, might modify it #DACA.",,False,0,FoxNews,1367531,0,False
GiftofSage,904489247301918720,2017-09-03T23:40:15,"@FoxNews The A's probably wouldn't involve the cops even with a Klan incident, so how are they not ""tolerant""? They refuse to kill now too.",,False,0,FoxNews,1367531,0,False
GiftofSage,904492857410678784,2017-09-03T23:54:36,This was some very inopportune Nazi Sympathy for @FoxNews but they could have vied for be,,False,0,,,0,False
GiftofSage,904493136122085376,2017-09-03T23:55:42,My hands keep micro jumping around on my keyboard and I'm making Tweet errors. Sometimes my hands are uncontrollable. At keyboard it's fast.,,False,0,,,0,False
GiftofSage,904493231974617088,2017-09-03T23:56:05,It's like my hands are fucking up my tweets on purpose.,,False,0,,,0,False
GiftofSage,904512523545825280,2017-09-04T01:12:45,"I was wrong about this, but they might try to replace it or they have to own up to the fact that they want a mass d… https://t.co/5xnNNRvIUr",,True,0,,,0,False
GiftofSage,904514031859486720,2017-09-04T01:18:44,@charliekirk11 I saw almost nothing but footage of Trump getting mad respect from black people. Seriously. On… https://t.co/BPvIgjd3UI,,False,0,charliekirk11,292929271,0,False
GiftofSage,904514467857395712,2017-09-04T01:20:28,@TheRickWilson What did that say? Did you see the Marine @JBuggarauf who made death threats at me today? Download t… https://t.co/I044FhcCwA,,False,0,TheRickWilson,19084896,0,False
GiftofSage,904514873635328000,2017-09-04T01:22:05,"@NYCAntifa There's a guy threatening to shoot at Antifa seriously. I actually did report it, it was an illegal threat @JBuggarauf",,False,0,NYCAntifa,2367611173,0,False
GiftofSage,904515273876803584,2017-09-04T01:23:41,"@NYCAntifa I know involving cops and F.B.I. isn't cool, but I'll report anyone on here who is literally threatening to shoot us to the F.B.I",,False,0,NYCAntifa,2367611173,0,False
GiftofSage,904515823720681476,2017-09-04T01:25:52,@BryanDawsonUSA They might try to push something through Congress. Paul Ryan could lead that.,,False,0,BryanDawsonUSA,997682274,0,False
GiftofSage,904518282627223553,2017-09-04T01:35:38,Where has the #MSM been? https://t.co/jK71FNXQa4,,True,0,,,0,False
GiftofSage,904528706856767490,2017-09-04T02:17:03,@JoyAnnReid Please stop saying the popular vote matters with the EC in place. It doesn't matter.,,False,0,JoyAnnReid,49698134,0,False
GiftofSage,904541283263361025,2017-09-04T03:07:02,"@SarahKSilverman Uh, I don't think that happened. I think his dad was really racist, and Trump won't let himself hate his father.",,False,0,SarahKSilverman,30364057,0,False
GiftofSage,904759386593210368,2017-09-04T17:33:42,"https://t.co/pYr9alRTu3

Ya'll I'm in love with a prey mode pit mix that can't be around other animals at all and has bitten people in way.",,False,0,,,0,False
GiftofSage,904760640589455362,2017-09-04T17:38:41,@KatiePavlich Not true. But you are often misleading with legal facts.,,False,0,KatiePavlich,48459553,0,False
GiftofSage,904761624862625793,2017-09-04T17:42:35,This is still one of my least favorite people in arguments. Vote what? For your ambiguous mass deportation fetish?… https://t.co/W52P3jTCtJ,,True,0,,,0,False
GiftofSage,904762713271930880,2017-09-04T17:46:55,and she sheds like CRAZY,,False,0,GiftofSage,983294221,0,False
JBuggarauf,904792945815019520,2017-09-04T19:47:03,"@MZHemingway A nurse tells the cops she has to follow the law &amp; gets arrested - BIG NEWS. 
Top Cop told to ignore t… https://t.co/1bPT9sXO1P",,False,0,MZHemingway,18005085,0,False
JBuggarauf,904793613082648577,2017-09-04T19:49:42,@JackPosobiec @sandboxvet1 You don't have to mirandize illegal aliens when they are not being detained.,,False,1,JackPosobiec,592730371,0,False
JBuggarauf,904794070064611328,2017-09-04T19:51:31,@MZHemingway The trees are underrepresented in the forest.,,False,0,MZHemingway,18005085,0,False
JBuggarauf,904795108477853697,2017-09-04T19:55:38,"@jamestaranto Two bottles of a cheap Rose' before dinner and you can knock that out before the salad is served, James.",,False,0,jamestaranto,53606937,0,False
JBuggarauf,904796059427258368,2017-09-04T19:59:25,@KurtSchlichter From Cherokee Sun Worshiper to Born Again Christian in just one election cycle. The Lord works in mysterious ways.,,False,0,KurtSchlichter,18089606,0,False
JBuggarauf,904798333549502464,2017-09-04T20:08:27,"@GiftofSage @NYCAntifa Self Defense is not a threat, it's a right.",,False,0,GiftofSage,983294221,0,False
JBuggarauf,904798684440780800,2017-09-04T20:09:51,"@GiftofSage @TheRickWilson You said Bring it! So Stand Up, snowflake.",,False,0,GiftofSage,983294221,0,False
JBuggarauf,904798859225817089,2017-09-04T20:10:33,"@GiftofSage @JoyAnnReid @Twitter They're laughing at you, twinkle-toes..",,False,0,GiftofSage,983294221,0,False
JBuggarauf,904799386013540352,2017-09-04T20:12:38,"@GiftofSage Nothing hidden, nothing to hide. If you can't figure out how to download, contact Twitter for assistance, fool.",,False,0,GiftofSage,983294221,0,False
JBuggarauf,904800003436056576,2017-09-04T20:15:05,@GiftofSage Put down the club and you have nothing to worry about. I'll defend your right. Pick up the club &amp; you'l… https://t.co/BdSrKSwume,,False,0,GiftofSage,983294221,0,False
JBuggarauf,904800320852819969,2017-09-04T20:16:21,"@GiftofSage Are my words scaring you yet? (ohh.. I see your undies are all in a knot..)
Are you enjoying this as much as I am?",,False,0,GiftofSage,983294221,0,False
JBuggarauf,904800542647492608,2017-09-04T20:17:14,@GiftofSage I can be - it's all up to you. I'm either your best friend or worst enemy - it's your choice which.,,False,0,GiftofSage,983294221,0,False
JBuggarauf,904800899263905792,2017-09-04T20:18:39,"@GiftofSage You'd never even see me, turd. You'd just drop like a wet sack of shit.",,False,0,GiftofSage,983294221,0,False
JBuggarauf,904801489243095040,2017-09-04T20:21:00,"@GiftofSage I'm not the one roaming the streets with bats, clubs, crowbars and makeshift flame-throwers, I'm just w… https://t.co/uupUBuazC5",,False,0,GiftofSage,983294221,0,False
JBuggarauf,904801773457522688,2017-09-04T20:22:07,@A1RGUNNER And stilettos..,,False,1,A1RGUNNER,121171042,0,False
JBuggarauf,904802046800363520,2017-09-04T20:23:13,"@GiftofSage @NYCAntifa No, that was a legal threat. Go violent, I respond way out of proportion to the offense.",,False,0,GiftofSage,983294221,0,False
JBuggarauf,904803661087248384,2017-09-04T20:29:37,@taotao_salupa5 @2009superglide @Nanabozoh @J4W4_ @armyjon @darthodius @TMM2_12 Berthod Pass - coldest I've ever be… https://t.co/3WwnpHQUvC,,False,0,taotao_salupa5,3224894161,0,False
JBuggarauf,904804659172229121,2017-09-04T20:33:35,@Nanabozoh @taotao_salupa5 @armyjon @2009superglide @J4W4_ @darthodius @TMM2_12 @JBLaudio Blew trans in '95 Park Av… https://t.co/Zhd1o9mMIo,,False,0,Nanabozoh,607516999,0,False
JBuggarauf,904804901833687040,2017-09-04T20:34:33,"@Nanabozoh @taotao_salupa5 @armyjon @2009superglide @J4W4_ @darthodius @TMM2_12 @JBLaudio Had my own squeeze w/me &lt;puffs, packs, passes&gt;",,False,0,JBuggarauf,879898081273159680,0,False
JBuggarauf,904805751054516224,2017-09-04T20:37:56,@DRUDGE_REPORT ..'cept they were aiming for the helmet.,,False,0,DRUDGE_REPORT,14669951,0,False
JBuggarauf,904806333345546240,2017-09-04T20:40:15,@gabrielmalor @MZHemingway The Gov does the bait/switch thing all the time - but since those are citizens that's OK.,,False,0,gabrielmalor,24212955,0,False
JBuggarauf,904806956627398656,2017-09-04T20:42:43,@RedNationRising @rains6944 White Privilege!!!,,False,0,RedNationRising,940368062,0,False
JBuggarauf,904808193255104512,2017-09-04T20:47:38,@joseiswriting Thank you for your contribution. Now go home and do it right.,,False,0,joseiswriting,15956067,0,False
JBuggarauf,904809726268936192,2017-09-04T20:53:43,"@Patriot_Hawk I nominate that for the ""Didn't Age Well"" Hall of Fame.",,False,0,Patriot_Hawk,846416484394024965,0,False
JBuggarauf,904811679824805889,2017-09-04T21:01:29,I'm old enough to remember that time... back before 1964 it was the Democrats who were the racists. https://t.co/KRKrLimJOb,,True,0,,,0,False
JBuggarauf,904812386263040000,2017-09-04T21:04:18,"@NewtTrump @rains6944 Oh, yes they'll vote. ..in the primaries.",,False,1,NewtTrump,313024334,0,False
JBuggarauf,904812433994170368,2017-09-04T21:04:29,"RT @FrebergK: @Merc4hire63 @Lrihendry No surprise here, but it goes to show the sickness thats in America. Obama was the disease along with…",,False,0,,,6,False
JBuggarauf,904813067325685762,2017-09-04T21:07:00,@tim_cook That's 250 citizens displaced. Thanks Tim.,,False,0,tim_cook,1636590253,0,False
JBuggarauf,904813354664968192,2017-09-04T21:08:09,"@JassiSikand @jthompsonic @tim_cook Parent robs bank, gives money to kids. Parent busted. Kids punished by taking the money away. Got it...",,False,1,JassiSikand,400948630,0,False
JBuggarauf,904814820372779008,2017-09-04T21:13:58,"@sergiot213 @BurritoSuperman @TheChrisSuprun @tim_cook @charles_gaba 653,416 people naturalized in 2014 (95% of app… https://t.co/4uUkeBBc1R",,False,1,sergiot213,515892159,0,False
JBuggarauf,904815049465663488,2017-09-04T21:14:53,"RT @Trump45_USA1st: Please stay out. U hate this country. U hate our President. And U obviously hate the people in our country. So, whereve…",,True,0,,,250,False
JBuggarauf,904815634009034753,2017-09-04T21:17:12,"@GiftofSage @NYCAntifa And beyond just a right, it's a certainty.",,False,0,JBuggarauf,879898081273159680,0,False
JBuggarauf,904817745857880065,2017-09-04T21:25:35,RT @bfraser747: If Mexico requires tamper proof identification to vote. Shouldn't all states in USA require valid ID to vote?  Retweet if y…,,False,0,,,7803,False
JBuggarauf,904817954075713536,2017-09-04T21:26:25,@KimDotcom @rains6944 They'll have a choice - they solve it or we solve it.,,False,1,KimDotcom,611986351,0,False
JBuggarauf,904818413641416704,2017-09-04T21:28:15,"RT @FreedomChild3: #EndDACA 
#VetsBeforeIllegals
We Need To Care For Our Own First- Many Homeless Vets that have Fought For Our Freedom-
Ti…",,False,0,,,1033,False
JBuggarauf,904819748424134656,2017-09-04T21:33:33,@mitchellvii @rains6944 Who is still reading google news?,,False,1,mitchellvii,17980523,0,False
JBuggarauf,904820371962060801,2017-09-04T21:36:02,"Thank God she wasn't wearing stilettos, the press would go crazy.. https://t.co/rrGZvMTJZw",,True,0,,,0,False
JBuggarauf,904820985437708288,2017-09-04T21:38:28,"@GordonPress There would be no teacher shortage or ""over-capacity"" classes..",,False,1,GordonPress,16389986,0,False
JBuggarauf,904821949859119104,2017-09-04T21:42:18,"@LionelMedia @rains6944 @YouTube Damn, Uncle got drunk, forgot to take his meds, and found the video equipment again..",,False,1,LionelMedia,24787367,0,False
JBuggarauf,904822236158222336,2017-09-04T21:43:26,@RedNationRising @JimW_in_NM God gave her a great voice to compensate for not giving her a brain.,,False,1,RedNationRising,940368062,0,False
JBuggarauf,904822658835005440,2017-09-04T21:45:07,"Ask me in 2020..  I don't know what situation I'm going to be dealing with tomorrow, much less in 3 years.. https://t.co/sEoaTABAGD",,True,0,,,0,False
JBuggarauf,904823574573105152,2017-09-04T21:48:45,@sccduck @KimDotcom @rains6944 There's no way I'm publishing that information - I'm not Obama and you don't have a… https://t.co/a9f9f9xmLZ,,False,0,sccduck,292487680,0,False
JBuggarauf,904824636914884610,2017-09-04T21:52:58,@Soldier1eaODGrn @StrongbowEntLlc What are you gonna do to her? She already has a brain tumor and can't think strai… https://t.co/Wrs6IhLfZr,,False,0,Soldier1eaODGrn,84371179,0,False
GiftofSage,904825148502671360,2017-09-04T21:55:00,"Ok. Can you keep tweeting me these ""fair warnings""? https://t.co/nFnqVR47dO",,True,0,,,0,False
JBuggarauf,904825492989124608,2017-09-04T21:56:23,"@Wishful_wink Me too, but it's 20 years too late now.",,False,1,Wishful_wink,1111832047,0,False
GiftofSage,904825552024076288,2017-09-04T21:56:37,"@JBuggarauf @TheRickWilson Hey, @TheRickWilson This is the guy I reported to the F.B.I. and he just threatened me A… https://t.co/vIiK4BkCUq",,False,0,JBuggarauf,879898081273159680,0,False
GiftofSage,904826575241261056,2017-09-04T22:00:41,"So, you are jerking off to making death threats that have the F.B.I.'s attention? https://t.co/TVoOwFru6k",,True,0,,,0,False
JBuggarauf,904826597672271872,2017-09-04T22:00:46,"@johnnyola29 I know Jim, quintessential Marine. Nicest guy in the world &amp; best friend, or biggest bastard in the wo… https://t.co/rBMVI5xaxj",,False,0,johnnyola29,841083815716106241,0,False
GiftofSage,904826846461796352,2017-09-04T22:01:45,You're saying you will or won't shoot someone? Because you already said in an illegal threat that you will shoot pe… https://t.co/agsp8rFy6s,,True,0,,,0,False
GiftofSage,904827067681923074,2017-09-04T22:02:38,"@JBuggarauf @NYCAntifa No, that's what WE said. You said at least twice - put down the clubs or I'll shoot you.",,False,0,JBuggarauf,879898081273159680,0,False
GiftofSage,904827283457933313,2017-09-04T22:03:29,"@JBuggarauf @NYCAntifa Look, being a Marine doesn't mean you even know what terror is. So, I suggest you shut the f… https://t.co/gBugu3vEJw",,False,0,JBuggarauf,879898081273159680,0,False
GiftofSage,904827536210788353,2017-09-04T22:04:30,@JBuggarauf @NYCAntifa I'm being totally fucking serious. You have made three attempts of actual violent intimidati… https://t.co/P01kZm7uJC,,False,0,JBuggarauf,879898081273159680,0,False
JBuggarauf,904827574521536513,2017-09-04T22:04:39,@GiftofSage Projection much?,,False,0,GiftofSage,983294221,0,False
JBuggarauf,904827762636029952,2017-09-04T22:05:24,@GiftofSage @TheRickWilson Waaaaaaa...,,False,0,GiftofSage,983294221,0,False
GiftofSage,904827811575291906,2017-09-04T22:05:35,@JBuggarauf Uh? Context? What are you saying was projected? Are you high or drunk?,,False,0,JBuggarauf,879898081273159680,0,False
JBuggarauf,904827876612046848,2017-09-04T22:05:51,@GiftofSage All day long..,,False,0,GiftofSage,983294221,0,False
GiftofSage,904827921537404928,2017-09-04T22:06:02,"Uh, no bro. Call an attorney. https://t.co/QKtPD6X7Kt",,True,0,,,0,False
GiftofSage,904827988071591936,2017-09-04T22:06:17,Longer than dicks bigger than yours. https://t.co/C4s1N9uYUa,,True,0,,,0,False
GiftofSage,904828188265775107,2017-09-04T22:07:05,You are fucking crazy and lying. Call an attorney. https://t.co/k3qCfQLNq2,,True,0,,,0,False
JBuggarauf,904828206615642113,2017-09-04T22:07:10,@GiftofSage @NYCAntifa Yep - cross the line into violence and you will get more than you can handle.,,False,0,GiftofSage,983294221,0,False
GiftofSage,904828393648218112,2017-09-04T22:07:54,"Not a legal threat. You have no right to snipe us which you just suggested you would do to me hypothetically, but y… https://t.co/gNKLUgyuZz",,True,0,,,0,False
GiftofSage,904828579137159168,2017-09-04T22:08:38,You aren't allowed to shoot people who are fist fighting or fighting period. https://t.co/ZnPQhkuq6s,,True,0,,,0,False
JBuggarauf,904828610237759488,2017-09-04T22:08:46,"@GiftofSage @NYCAntifa Suggest away, snowflake, it's not like I have any respect for your perception of dealing ter… https://t.co/9ISOPb6bAb",,False,0,GiftofSage,983294221,0,False
GiftofSage,904828671403454464,2017-09-04T22:09:00,You think you're a legal public sniper? https://t.co/ZnPQhkuq6s,,True,0,,,0,False
JBuggarauf,904828729536348160,2017-09-04T22:09:14,"@GiftofSage @NYCAntifa Good, you're starting to get it..",,False,0,GiftofSage,983294221,0,False
GiftofSage,904828797534523392,2017-09-04T22:09:30,You don't even know you are making real threats of intimidation. https://t.co/lxA2XF6hBA,,True,0,,,0,False
GiftofSage,904828971841454091,2017-09-04T22:10:12,"Uh, I'm starting to ""get"" that you are making real threats of intimidation and that everything you are typing is fu… https://t.co/fOvW4cZA4F",,True,0,,,0,False
JBuggarauf,904829176745672704,2017-09-04T22:11:01,"@GiftofSage I'll happily argue that before a judge and jury.. start assault, it can end badly for you.",,False,0,GiftofSage,983294221,0,False
GiftofSage,904829447358087168,2017-09-04T22:12:05,You are the one to decide who starts it? And you think you can just kill us? https://t.co/EGvdIqDcPM,,True,0,,,0,False
JBuggarauf,904829723913502720,2017-09-04T22:13:11,"@GiftofSage It's not hypothetical.. but it is your choice. Go violent on someone, I'll protect their life with coun… https://t.co/f4fqCi1IGY",,False,0,GiftofSage,983294221,0,False
GiftofSage,904829978218463236,2017-09-04T22:14:12,Ok. That's that. You win. You are really going to be charged with a crime. https://t.co/kgWq62su4n,,True,0,,,0,False
JBuggarauf,904830095084331008,2017-09-04T22:14:40,"@GiftofSage On the other hand, if you're protesting peacefully and someone sets upon you I'll protect you too.",,False,0,JBuggarauf,879898081273159680,0,False
JBuggarauf,904830422831423489,2017-09-04T22:15:58,"@GiftofSage Nice talking with ya.. this conversation is over, I have a cold beer demanding my undivided attention..",,False,1,GiftofSage,983294221,0,False
GiftofSage,904830563495931904,2017-09-04T22:16:31,"That doesn't solve anything here, bro. Congrats. You are a violent extremist. https://t.co/d3tKFzcfLH",,True,0,,,0,False
JBuggarauf,904830666126245888,2017-09-04T22:16:56,@GiftofSage WAaaaaa,,False,0,GiftofSage,983294221,0,False
GiftofSage,904830902672523266,2017-09-04T22:17:52,"@JoyAnnReid I need you to read @JBuggarauf 
It's not hypothetical.. but it is your choice. Go violent on someone, I… https://t.co/YUqXNlsjdD",,False,0,JoyAnnReid,49698134,0,False
JBuggarauf,904830950336479232,2017-09-04T22:18:04,@GiftofSage Yep - I can be if you want me to be - it's your choice as I said.,,False,0,GiftofSage,983294221,0,False
GiftofSage,904831020624695296,2017-09-04T22:18:20,@JoyAnnReid Please read the death threats being made at me and @NYCAntifa in the last 10 min,,False,0,JoyAnnReid,49698134,0,False
GiftofSage,904831336967540740,2017-09-04T22:19:36,Which is still violent extremism bordering on terrorism and I'm just fucking delighted that you decided to play my… https://t.co/mVYFBmqA1c,,True,0,,,0,False
GiftofSage,904832819775537152,2017-09-04T22:25:29,"@JeffUSAFAMMO @JoyAnnReid @NYCAntifa Hi, there. Do you have something you'd like to put in writing for me?",,False,0,JeffUSAFAMMO,879857664716623872,0,False
GiftofSage,904833118665887744,2017-09-04T22:26:41,"@atima_omara @LadyBirdMovie Hey, you're in a movie, but there's a real violent extremist making nearly lewd death t… https://t.co/hKezVoPPTy",,False,0,atima_omara,598947276,0,False
GiftofSage,904833293178294274,2017-09-04T22:27:22,@TheRickWilson Nothing is better than catching a Marine for being a violent extremist right now. @JBuggarauf,,False,0,TheRickWilson,19084896,0,False
GiftofSage,904833434916413440,2017-09-04T22:27:56,"@JeffUSAFAMMO @JoyAnnReid @NYCAntifa No, you might not understand what you are doing here.",,False,0,JeffUSAFAMMO,879857664716623872,0,False
GiftofSage,904833710008172547,2017-09-04T22:29:02,@fivefifths I'm getting this two days of death threats by a violent extremist thing down. @JBuggarauf,,False,0,fivefifths,36252186,0,False
GiftofSage,904834495571996673,2017-09-04T22:32:09,I am wholly and chronically depressed. But did you want to say something that matters? Or? Just more Wonder Woman j… https://t.co/81vApXkEBp,,True,0,,,0,False
GiftofSage,904834997663801344,2017-09-04T22:34:09,@BookTV @neiltyson Why is he so fucking cute?,,False,0,BookTV,60628575,0,False
GiftofSage,904835554348498945,2017-09-04T22:36:21,Maybe the best dog video I've every seen. (I speak KKK) https://t.co/S8ncZPY999,,True,0,,,0,False
GiftofSage,904835972185153538,2017-09-04T22:38:01,"Uh, ok. No. He made actual illegal threats over the course of two days. He literally said put down the clubs or I'l… https://t.co/rycb03DXCW",,True,0,,,1,False
GiftofSage,904836570246774785,2017-09-04T22:40:24,Nope. But your friend needs one bad. https://t.co/U4PXOK7t3q,,True,0,,,0,False
GiftofSage,904837028340260864,2017-09-04T22:42:13,I am genetically of evil itself and I love dumb ass violent extremists.,,False,0,,,0,False
GiftofSage,904839022677295106,2017-09-04T22:50:08,"You know, almost meeting @MarALagoAntifa in person wasn't enough, but catching a motherfucker on here in broad fucking daylight... unreal.",,False,0,,,0,False
GiftofSage,904839619371560961,2017-09-04T22:52:31,@politico Ya'll seriously. My 3-5 (white dudes) friends from middle school and I sat out the anthem at a Catholic H… https://t.co/iWyFae2iKY,,False,0,politico,9300262,0,False
GiftofSage,904839795335147521,2017-09-04T22:53:12,@JeffUSAFAMMO Nope. Your friend has made at least three illegal threats.,,False,0,JeffUSAFAMMO,879857664716623872,0,False
GiftofSage,904843884848656386,2017-09-04T23:09:27,"Uh, what are you doing here? I reported his ass to the F.B.I. https://t.co/gUrT4VU4vG",,True,0,,,0,False
GiftofSage,904844128042745856,2017-09-04T23:10:25,#legislateDACA motherfuckers @GOP,,False,0,,,0,False
GiftofSage,904845295544127489,2017-09-04T23:15:04,"@VICE Ya'll need to read @JBuggarauf making death threats that started on one of your threads, carried over to… https://t.co/fw6Uf2IhiT",,False,0,VICE,23818581,0,False
GiftofSage,904845560531779588,2017-09-04T23:16:07,@VICE @JBuggarauf @NYCAntifa He just keeps deleting them so they can't be reported. I tipped the F.B.I. I think you should too.,,False,0,GiftofSage,983294221,0,False
GiftofSage,904845667281055749,2017-09-04T23:16:32,@VICE I'm not asking Antifa to get involved with law enforcement.,,False,0,VICE,23818581,0,False
GiftofSage,904846311568101376,2017-09-04T23:19:06,"@JBuggarauf is a radical ideologue violent extremist, possibly a terrorist. @FBI Please look.",,False,0,JBuggarauf,879898081273159680,0,False
GiftofSage,904847765502660608,2017-09-04T23:24:53,You are almost as epic dumb as him. Did the government spray a poisonous and or unethical substance on you at any p… https://t.co/b9cdhslhMt,,True,0,,,0,False
GiftofSage,904853460734156800,2017-09-04T23:47:31,"@chrislhayes I hate to out nerd you like this, but you should look at this course. I took it. https://t.co/DyCevrc9lT It pretty good n hard.",,False,0,chrislhayes,4207961,0,False
GiftofSage,904859408311701504,2017-09-05T00:11:09,yeah right.... you are a pile of human feces who hates depressed people. Congrats on hitching your wagon to an extr… https://t.co/PmGS7e5qlh,,True,0,,,0,False
GiftofSage,904859679972610049,2017-09-05T00:12:13,@CohenDS It's High Mach political strategy.,,False,1,CohenDS,43382513,0,False
GiftofSage,904859907341549568,2017-09-05T00:13:08,Bleed an ocean for me to bath in. https://t.co/QJgmxSRFCs,,True,0,,,0,False
GiftofSage,904860696571240450,2017-09-05T00:16:16,@kaycee_345 @kpfallon Maybe the nicest Bey gif I've ever seen. Today is a day for gifs.,,False,0,kaycee_345,263959804,0,False
GiftofSage,904861554788765696,2017-09-05T00:19:40,Fuck yeah. When is Google pulling @FoxNews ? https://t.co/Do25Y7X2X5,,True,0,,,0,False
GiftofSage,904862432765542400,2017-09-05T00:23:10,Something that KJU is NOT bluffing on - letting a terrorist hijack a mini nuke for money... cyber maybe? We'll see.,,False,0,,,0,False
GiftofSage,904865741584916480,2017-09-05T00:36:19,We ain't even started yet. https://t.co/OFGgw4P7Vu,,True,0,,,0,False
JBuggarauf,904942264983552000,2017-09-05T05:40:23,@Harry1T6 @KurtSchlichter @TheDemocrats I don't think you'll get far suing a President for rescinding an executive order.,,False,1,Harry1T6,234548424,0,False
JBuggarauf,905082942417862657,2017-09-05T14:59:23,@sccduck @KimDotcom @rains6944 Cute - Let's approach this a bit more geopolitically.. Do you think China is going t… https://t.co/1uhnvk1t5r,,False,0,sccduck,292487680,0,False
JBuggarauf,905083672172232705,2017-09-05T15:02:17,"@sccduck @KimDotcom @rains6944 No, China will not - THEY will handle the Norks. If they defy China and try to follo… https://t.co/DUCfaOWV9G",,False,0,JBuggarauf,879898081273159680,1,False
JBuggarauf,905084909353439233,2017-09-05T15:07:12,@DRUDGE_REPORT Gosh - you mean Trump is keeping another campaign promise? That despicable cur needs to be impeached.,,False,2,DRUDGE_REPORT,14669951,0,False
JBuggarauf,905085410191097857,2017-09-05T15:09:12,"He's not aging well, is he? https://t.co/gIym8MKfpQ",,True,1,,,0,False
GiftofSage,905088521467305987,2017-09-05T15:21:33,I'm au natural. https://t.co/y6v0jX2E5d,,True,0,,,0,False
JBuggarauf,905089884200755200,2017-09-05T15:26:58,@OldMarine1 Mornin Guns.. get any on ya last night?,,False,0,OldMarine1,72350324,0,False
GiftofSage,905093174938492928,2017-09-05T15:40:03,"Oh, yeah? So, you get turned on by making fun of A's who catch former Marine violent extremists? https://t.co/wttF3UtQLX",,True,0,,,0,False
GiftofSage,905093577004503040,2017-09-05T15:41:39,@CohenDS They are going to try to legislate something more permanent. But who knows what they'll actually pass or do?,,False,1,CohenDS,43382513,0,False
GiftofSage,905094516482428931,2017-09-05T15:45:23,I wasn't asking to date you. https://t.co/y8SDlaGFOP,,True,0,,,0,False
GiftofSage,905095651033317376,2017-09-05T15:49:53,I need you to read the thread you defended and tell me you really agree with how your little friend behaved and wit… https://t.co/6pp0y7YvZu,,True,0,,,0,False
GiftofSage,905096485913718784,2017-09-05T15:53:12,@AriBerman @Demos_Org Not necessarily. But KKK violence is.,,False,0,AriBerman,15952856,0,False
GiftofSage,905096753208287233,2017-09-05T15:54:16,No. I just want you stand by your convictions and principles here so we can potentially meet in person for a date.… https://t.co/nPYDaWPxd2,,True,0,,,0,False
GiftofSage,905098206744338434,2017-09-05T16:00:03,"@JoyAnnReid Who can be considered 'targets' except undocs, Muslims, and BLM/Antifa as of yet? Oh, and Nazis aren't… https://t.co/IEnLH9rwpp",,False,0,JoyAnnReid,49698134,0,False
GiftofSage,905098619442913281,2017-09-05T16:01:41,@JeffUSAFAMMO Are you still drunk?,,False,0,JeffUSAFAMMO,879857664716623872,0,False
GiftofSage,905099138588606464,2017-09-05T16:03:45,"@KatTimpf Yeah just like Antifa includes violent extremists, gangs, and terrorists, which it doesn't. Oooh.",,False,0,KatTimpf,170861207,0,False
GiftofSage,905099378372866048,2017-09-05T16:04:42,@JeffUSAFAMMO I feel pretty good. Why don't you tell me you really do agree with your friend?,,False,0,JeffUSAFAMMO,879857664716623872,0,False
GiftofSage,905099961947316225,2017-09-05T16:07:01,"This dude still thinks he's woke, said Hillary never said 'super predator'. https://t.co/AsJlIc3VSH",,True,0,,,0,False
GiftofSage,905106691821363200,2017-09-05T16:33:46,@JeffUSAFAMMO Can you show me where it wasn't credible? Please tell me how I got this wrong and shouldn't have said anything.,,False,0,JeffUSAFAMMO,879857664716623872,0,False
GiftofSage,905107237194125312,2017-09-05T16:35:56,@thinkprogress @SpeakerRyan wants legislation.,,False,0,thinkprogress,55355654,0,False
GiftofSage,905109970152296448,2017-09-05T16:46:47,@realDonaldTrump I am not an emotional basket case like you are.,,False,0,realDonaldTrump,25073877,0,False
GiftofSage,905111624507428865,2017-09-05T16:53:22,@TheRoot That's the best photo of her I've ever seen.,,False,0,TheRoot,23995748,0,False
GiftofSage,905111747010465794,2017-09-05T16:53:51,@TheRoot That's really her right? I'm lost. I have autism. lol,,False,0,TheRoot,23995748,0,False
JBuggarauf,905114526751760385,2017-09-05T17:04:54,"@Alyssa_Milano Sorry, but you don't get your own day, bitch",,False,0,Alyssa_Milano,26642006,0,False
JBuggarauf,905115283588657154,2017-09-05T17:07:54,"They can threaten all they want, but no court will entertain a challenge of  rescission of a temporary executive or… https://t.co/bmQGod9NDZ",,True,0,,,0,False
GiftofSage,905116847590264832,2017-09-05T17:14:07,@BLiantii @TheRoot I really thought something happened to her and I don't always see faces the right way. Really. I… https://t.co/j3tD9WSPDi,,False,0,BLiantii,3122642116,0,False
GiftofSage,905117200712859648,2017-09-05T17:15:31,"@KatiePavlich And you are still in favor of a round up or growth? You can't have both, but you can if you are in favor of a round up.",,False,0,KatiePavlich,48459553,0,False
JBuggarauf,905117295470448640,2017-09-05T17:15:54,I want to know who cares about the dreams of the legal kids who are displaced in school and jobs by illegal DACA ki… https://t.co/RhtUU3dFfc,,True,2,,,0,False
GiftofSage,905117827757199360,2017-09-05T17:18:01,And that was a whole conversation in a context. Are you still asking me out? https://t.co/eaX00UR6CE,,True,0,,,0,False
GiftofSage,905118255114850304,2017-09-05T17:19:42,And you think I am a violent extremist? And not your friend? https://t.co/JhFUnY04Ox,,True,0,,,0,False
JBuggarauf,905118779687845888,2017-09-05T17:21:48,"Hasta La Bye Bye, Ricardo Cranium.. https://t.co/Xi3GltQ7XG",,True,0,,,0,False
GiftofSage,905118979445940224,2017-09-05T17:22:35,I'm a male brained autistic person. My mother told me I was a pretty much a man when I was a little girl. https://t.co/SfEVxTyIQ0,,True,0,,,0,False
JBuggarauf,905119578698670080,2017-09-05T17:24:58,@RealJamesWoods @Stanch247 And those are just the domestic accomplishments...,,False,1,RealJamesWoods,78523300,0,False
GiftofSage,905120066294906880,2017-09-05T17:26:54,kk https://t.co/xzPf0tU9IR,,True,0,,,0,False
JBuggarauf,905120440321949696,2017-09-05T17:28:23,"@kausmickey @AnnCoulter Why? Simple, Trump isn't just another ""The buck? It went that way --&gt; "" President.",,False,0,kausmickey,30534986,0,False
JBuggarauf,905121161142386688,2017-09-05T17:31:15,@thefourblackbar @DrMikeSimpson I understand that Trombonist is an elite assignment in the Army. Everything else su… https://t.co/TCaFBceijp,,False,0,thefourblackbar,187723853,0,False
JBuggarauf,905122476543397890,2017-09-05T17:36:29,"@DrMikeSimpson Just for the record (pun intended) many military service records are ""incomplete"" either by intent o… https://t.co/2y1UgRyVHs",,False,0,DrMikeSimpson,2834498138,0,False
JBuggarauf,905123318654582784,2017-09-05T17:39:50,"@DrMikeSimpson 2 - took 3 years with VA to prove where I was stationed, 1-1/2 to prove the place existed, 1-1/2 to… https://t.co/WTzHtpQZit",,False,0,JBuggarauf,879898081273159680,0,False
JBuggarauf,905124883058761728,2017-09-05T17:46:03,"Would be interesting to learn what unique Hep A strain is in San Diego, and where else on the planet that strain ex… https://t.co/2L73FhrXS7",,True,0,,,0,False
JBuggarauf,905125177775726592,2017-09-05T17:47:13,I see Hillary is now blaming Bernie Sanders for her loss. Eventually they all eat their own.,,False,0,,,0,False
GiftofSage,905126111151095811,2017-09-05T17:50:55,@realDonaldTrump said if you are so far as crossing the street near Antifa that you deserve to take partial blame for a Nazi terror attack.,,False,0,realDonaldTrump,25073877,0,False
GiftofSage,905126839701692417,2017-09-05T17:53:49,#blameonbothsides for the protests outside right now.,,False,0,,,0,False
GiftofSage,905127072472981504,2017-09-05T17:54:45,Ya'll there is pink chocolate. https://t.co/ubjQjSGf6n,,True,0,,,0,False
GiftofSage,905127540272058368,2017-09-05T17:56:36,@DLoesch There's a difference between the media (news and commentary) and the free press (press rights).,,False,0,DLoesch,7702542,0,False
GiftofSage,905129444540592129,2017-09-05T18:04:10,And there's a deliberate effort by some media to ignore their own fact checking and pretend they should only do it… https://t.co/eV0IvK6sUr,,True,0,,,0,False
GiftofSage,905129827107315716,2017-09-05T18:05:41,"My stepdad once sexually assaulted me and then stole my diary. He's a White Supremacist named Bryon Zafft in Brookings, SD.",,False,0,,,0,False
GiftofSage,905129993323368448,2017-09-05T18:06:21,He is a former military police officer.,,False,0,GiftofSage,983294221,0,False
GiftofSage,905130264761954305,2017-09-05T18:07:26,I love it. https://t.co/r5HAUKlIRA,,True,0,,,0,False
GiftofSage,905131410658295811,2017-09-05T18:11:59,I'll never forget Mark Steyn calling @DLoesch Head Face,,False,0,,,0,False
GiftofSage,905153289934733312,2017-09-05T19:38:55,"https://t.co/PpDYbnaMik

Goth Doom",,False,0,,,0,False
GiftofSage,905157439355531265,2017-09-05T19:55:25,"Hey, #MSM buy a Slingshot Organizer and roll like an Anarchist. See for yourself.
https://t.co/MkSy2Qo0Bz",,False,0,,,0,False
GiftofSage,905162363371958274,2017-09-05T20:14:59,@AriMelber Did you get the data from the violent extremist I caught? @JBuggarauf Waiting for something to happen. It was extreme threats.,,False,0,AriMelber,15441965,0,False
GiftofSage,905169842168266754,2017-09-05T20:44:42,@WSJ Love it.,,False,0,WSJ,3108351,0,False
GiftofSage,905170337213632516,2017-09-05T20:46:40,I really need help. https://t.co/st4SYY124Q,,True,0,,,0,False
GiftofSage,905170962869518336,2017-09-05T20:49:09,This is making the day better. LOL https://t.co/QLpTTzkqpR,,True,0,,,0,False
GiftofSage,905171281502457856,2017-09-05T20:50:25,@RealTimers Your website is throwing a 500.,,False,0,RealTimers,455288410,0,False
GiftofSage,905171699850674176,2017-09-05T20:52:05,Aren't these the guys in black clothes and bandannas that are a 'group'? Should they be identified by their clothin… https://t.co/NyG1kScP6c,,True,0,,,0,False
GiftofSage,905173740715212804,2017-09-05T21:00:11,@theblaze I love this idea more than a safe space. I think everyone should be allowed to cheer up with petting a do… https://t.co/sIkY4DyNkW,,False,0,theblaze,10774652,0,False
GiftofSage,905175077586644994,2017-09-05T21:05:30,Bingo. https://t.co/Yqsk1pxRbU,,True,0,,,0,False
GiftofSage,905175390754406404,2017-09-05T21:06:45,@MailOnline Sounds like the police just can't keep people safe.,,False,0,MailOnline,15438913,0,False
JBuggarauf,905198164549951488,2017-09-05T22:37:14,@DRUDGE_REPORT Kelly would have Gutierrez back on the Mexican side of the border doing 'bends and motherf'rs' until Trump got tired.,,False,0,DRUDGE_REPORT,14669951,0,False
JBuggarauf,905199433117196288,2017-09-05T22:42:17,"If you want to get a message to Americans, you'll do better if you say it in English. https://t.co/zSECuPhxf4",,True,0,,,0,False
GiftofSage,905203120875163648,2017-09-05T22:56:56,@EdJoyce @adirado29 @Amy_Siskind I love the idea of A's doing this with BLM,,False,0,EdJoyce,73452506,0,False
GiftofSage,905203181940039681,2017-09-05T22:57:11,@EdJoyce @adirado29 @Amy_Siskind Forming words with bodies and photographing.,,False,0,EdJoyce,73452506,0,False
JBuggarauf,905226455482744832,2017-09-06T00:29:39,I can't imagine how it would work otherwise.There's not enough secret service to assign to Kaine's kid to keep Anti… https://t.co/gOKe28iTGW,,True,1,,,2,False
JBuggarauf,905226759523598336,2017-09-06T00:30:52,"@DRUDGE_REPORT Someone pass the popcorn, this should be good..",,False,1,DRUDGE_REPORT,14669951,0,False
JBuggarauf,905227858527657984,2017-09-06T00:35:14,"@DRUDGE_REPORT Pssst, Cher, while they may send you a commendation letter, ICE will not reimburse you for running a… https://t.co/EkMDJLI5mI",,False,1,JBuggarauf,879898081273159680,0,False
JBuggarauf,905228201600868353,2017-09-06T00:36:36,@rharrisonfries @JimW_in_NM That 16 on a fast track back to the motherland.,,False,1,rharrisonfries,3153844428,0,False
JBuggarauf,905229332972421120,2017-09-06T00:41:05,"@gabrielmalor @Magabitchez1231 However, would be lawful only if it were passed by Congress. The President can't mak… https://t.co/90vGEhs5Yi",,False,0,gabrielmalor,24212955,0,False
JBuggarauf,905229519786729472,2017-09-06T00:41:50,@joshgerstein @Magabitchez1231 I can hear the teeth grinding all the way up here..,,False,0,joshgerstein,64916983,0,False
JBuggarauf,905230618367102976,2017-09-06T00:46:12,"@MattFriedmanNJ Prosecutors asked for a minor addition: ""But that's not what was happening here"".",,False,0,MattFriedmanNJ,242939330,0,False
JBuggarauf,905231214776262656,2017-09-06T00:48:34,"@KTHopkins @Magabitchez1231 I'm completing my ""Top Relevant Magazines"" list for 2017. GQ isn't on it.",,False,1,KTHopkins,21439144,0,False
GiftofSage,905231282027864065,2017-09-06T00:48:50,"https://t.co/8z9GEad7EZ

For those that don't know - Chumbawamba are massive Anarchists. #MSM",,False,0,,,0,False
JBuggarauf,905234003657072640,2017-09-06T00:59:39,"@zerohedge Like drinkin, one is OK, two is too much and three ain't enough.
(Shoulda stopped at 2 like I said after… https://t.co/rkkh1iTup3",,False,0,zerohedge,18856867,0,False
JBuggarauf,905234599524974592,2017-09-06T01:02:01,"@DRUDGE_REPORT Through all the smoke? That's the Sun, people..",,False,1,DRUDGE_REPORT,14669951,0,False
JBuggarauf,905235763981197313,2017-09-06T01:06:39,"RT @JackPosobiec: I'm old enough to remember the last time Democrats showed their ""compassion"" to Dreamers https://t.co/fpNhoGyv0k",,False,0,,,4505,False
GiftofSage,905245318899531778,2017-09-06T01:44:37,"A reminder to the #MSM that Partial-Birth Abortion is U.S. Code legal jargon. 
https://t.co/dPBB2EJTX7",,False,0,,,0,False
GiftofSage,905246293454462976,2017-09-06T01:48:29,Awesome https://t.co/7vk1yrNr50,,True,0,,,0,False
GiftofSage,905252887202291714,2017-09-06T02:14:41,"https://t.co/h6Rtv7hwcD

The penguin just made me tear up.",,False,0,,,0,False
GiftofSage,905254795665080321,2017-09-06T02:22:16,@KisanetBeyene77 @Quillette I really like Molly. But I don't do it regularly and wish I could get it as medicine. I… https://t.co/3foyS3QJyQ,,False,0,KisanetBeyene77,789352881967263745,0,False
GiftofSage,905255072560533504,2017-09-06T02:23:22,"I'll be honest, I haven't read it yet. https://t.co/6pbIUVbt6B",,True,0,,,0,False
GiftofSage,905257974222004224,2017-09-06T02:34:54,"@clairlemon @QuilletteM I can't take SSRIs - something in my brain changed on Zoloft and now I don't sleep on them,… https://t.co/hG0Y8zRMX0",,False,0,clairlemon,1398479138,0,False
GiftofSage,905258473243455488,2017-09-06T02:36:53,@clairlemon @QuilletteM On Zoloft I stopped being able to sleep and then after SEVERAL days I started believing I w… https://t.co/Yt2eKFMJvd,,False,0,clairlemon,1398479138,0,False
GiftofSage,905258990715772929,2017-09-06T02:38:56,@clairlemon @QuilletteM It was like I was calmly laying there with my eyes open all night seeing from inside my body.,,False,0,clairlemon,1398479138,0,False
GiftofSage,905259168151560192,2017-09-06T02:39:39,@clairlemon @QuilletteM I wore the cap all night and I could feel it during the experiment.,,False,0,clairlemon,1398479138,0,False
GiftofSage,905259690510209024,2017-09-06T02:41:43,@clairlemon @QuilletteM I've also received EMDR therapy and recovered from a neurosis of a recovered blocked memory stored in my eyes.,,False,0,clairlemon,1398479138,0,False
GiftofSage,905261729109684226,2017-09-06T02:49:49,"https://t.co/jXyY1NHuDw

What @JBuggarauf did was a textbook violent extremist threat.",,False,0,,,0,False
GiftofSage,905273702350192642,2017-09-06T03:37:24,"I'm not watching t.v. at all now. Bye, #MSM You're welcome for the violent extremist I caught.",,False,0,,,0,False
GiftofSage,905302501901180932,2017-09-06T05:31:50,#slingshotnews Should keep a head's up for analysis on the Marine violent extremist.,,False,0,,,0,False
JBuggarauf,905448225053696000,2017-09-06T15:10:53,"@iowahawkblog @Microsoft David, go easy.. he admitted he wasn't a scientist.. https://t.co/HjgCPeivrq",,False,0,iowahawkblog,149913262,0,False
JBuggarauf,905448698947149824,2017-09-06T15:12:46,"@OldMarine1 ..but mostly blows hot air..

(Mornin' Guns..)",,False,0,OldMarine1,72350324,0,False
JBuggarauf,905450494402760705,2017-09-06T15:19:54,"And there's a legal way to get the ""paper"". See US Code passed by Congress.
(Damn democrats think legal is anything… https://t.co/4eODgmrE7M",,True,0,,,0,False
JBuggarauf,905451950212210688,2017-09-06T15:25:42,@SethAMandel @JimW_in_NM With a big enough shovel and sufficient synthetic earth Obama's minions can cover up anything.,,False,1,SethAMandel,150281740,0,False
JBuggarauf,905453033038815233,2017-09-06T15:30:00,@rharrisonfries @JimW_in_NM Maybe not - NYPD is refusing to fingerprint the perps so as not to jeopardize their Dreamer status.,,False,1,JBuggarauf,879898081273159680,1,False
JBuggarauf,905453854342258689,2017-09-06T15:33:16,"@GiftofSage @AriMelber I'm not paying rent for living in your head, but it's nice to know you're still thinking abo… https://t.co/4vQ9N5PGPY",,False,0,GiftofSage,983294221,0,False
GiftofSage,905454837839654914,2017-09-06T15:37:10,You're the best violent extremist on @Twitter https://t.co/rvnG7zV5X7,,True,0,,,0,False
GiftofSage,905455561122177024,2017-09-06T15:40:02,"@jwillia2 @lithub Violent extremist and possible terrorist, @JBuggarauf wants you to read his deleted death threats… https://t.co/scXmXxRfrz",,False,0,jwillia2,276051935,0,False
JBuggarauf,905455851695104000,2017-09-06T15:41:12,Nice of them to demonstrate their capabilities and tactics ahead of time. https://t.co/ct8JVfnUfL,,True,0,,,0,False
GiftofSage,905455876147781634,2017-09-06T15:41:18,"@jwillia2 @lithub I'm not making shit up, he's the first Marine violent extremist. Used real threats of lethality w… https://t.co/AZDjHzU8Rd",,False,0,jwillia2,276051935,0,False
GiftofSage,905456096726458368,2017-09-06T15:42:10,@jwillia2 @lithub I can't stress enough that I am not the fucking one that uses hyperbole. I am dead ASS. Can't mak… https://t.co/9IHmqCwfb7,,False,0,jwillia2,276051935,0,False
GiftofSage,905456201458229248,2017-09-06T15:42:35,@jwillia2 @lithub Download his shit and tell your friends.,,False,0,jwillia2,276051935,0,False
JBuggarauf,905456462389952513,2017-09-06T15:43:37,@GiftofSage @jwillia2 @lithub Nothing has been deleted. I want to make it as easy for you to review and remember as… https://t.co/XeSeZaZVxp,,False,0,GiftofSage,983294221,0,False
GiftofSage,905456697577230336,2017-09-06T15:44:33,You know Twitter has a developer API and I have a CSV of your last 3200 or so tweets cus they aren't deleted when y… https://t.co/9qdaXcEsGJ,,True,0,,,0,False
JBuggarauf,905456797598621697,2017-09-06T15:44:57,"@RyanMaue @JimW_in_NM @IngrahamAngle @SecretaryCarson Well, that's one of 4 possibilities..",,False,0,RyanMaue,16117029,0,False
GiftofSage,905456935884947456,2017-09-06T15:45:30,Do you need to see your own data to make this real? I have every threat you made downloaded with all relevant data… https://t.co/v2xl2LoTHp,,True,0,,,0,False
GiftofSage,905457018315710464,2017-09-06T15:45:50,"You are going to fucking jail, asshole. https://t.co/g2PRmK0Dr0",,True,0,,,0,False
GiftofSage,905457275699167235,2017-09-06T15:46:51,@brokeymcpoverty That's nasty.,,False,0,brokeymcpoverty,15932715,0,False
GiftofSage,905457395555557377,2017-09-06T15:47:20,@VICE Play Magic in college @wizards_magic,,False,0,VICE,23818581,0,False
JBuggarauf,905457829393317888,2017-09-06T15:49:03,"If you have to be a citizen to vote, and to be naturalized as a citizen you need to speak english, why are our ball… https://t.co/0wEa9riFxG",,True,0,,,0,False
GiftofSage,905458242242965504,2017-09-06T15:50:42,"@CornelWest Dr., read some death threats made by a Marine violent extremist. I'm merging tweets today, will post later. #Antifa save lives",,False,0,CornelWest,36743910,0,False
GiftofSage,905459231184359425,2017-09-06T15:54:37,deserving https://t.co/wYJlns6xqz,,True,0,,,0,False
GiftofSage,905460825015627777,2017-09-06T16:00:57,But we don't even have @judaspriest in the Hall of Fame yet.,,False,0,GiftofSage,983294221,0,False
GiftofSage,905461424352309249,2017-09-06T16:03:20,"@LotusOak @andrewmorrisuk I hate to be the one, but medical cannabis.",,False,0,LotusOak,424711422,0,False
GiftofSage,905461749268324352,2017-09-06T16:04:38,@VICE An epic wave of Anarchists.,,False,0,VICE,23818581,0,False
GiftofSage,905462124230660099,2017-09-06T16:06:07,@TimeOutLondon I need Dunkin' / Baskin' to do a vegan one.,,False,0,TimeOutLondon,22906929,0,False
GiftofSage,905462477751758850,2017-09-06T16:07:32,@FortuneMagazine Partially because the president blamed the population for a terror attack just recently.,,False,0,FortuneMagazine,25053299,0,False
JBuggarauf,905462775400374273,2017-09-06T16:08:42,"@DRUDGE_REPORT Um, check the Zoo? Probably took the express bus down HWY 75 and got off  at the Stockbridge park an… https://t.co/7Yat6W1Q2D",,False,1,DRUDGE_REPORT,14669951,0,False
GiftofSage,905463541108424704,2017-09-06T16:11:45,Kim's doctor had to reach his arm inside her and scrape her placenta with his fingernails. True story below. https://t.co/89pJBhgOMA,,True,0,,,0,False
JBuggarauf,905463614458413056,2017-09-06T16:12:03,"@GiftofSage Rent free..  (Thanks for playing, you are fun..I haven't laughed this much since the bug-zapper broke)",,False,0,GiftofSage,983294221,0,False
JBuggarauf,905464152512008192,2017-09-06T16:14:11,"Man, have I got this antifa weenie going hard or what? Told it I'd respond to violence with violence and it can't h… https://t.co/RFSE3fA1hD",,True,1,,,0,False
JBuggarauf,905465065360338949,2017-09-06T16:17:48,"I'll bet an apple fritter in 5 years people will be saying ""Oh yea, I think I remember them.."" https://t.co/3YgOpHt9S6",,True,1,,,0,False
JBuggarauf,905466487212621825,2017-09-06T16:23:27,@DRUDGE_REPORT Interesting concept: Honoring people based on who did or didn't own them.,,False,0,DRUDGE_REPORT,14669951,0,False
JBuggarauf,905468108441128960,2017-09-06T16:29:54,Deja Vu all over again.. https://t.co/TUXwAnGztH,,True,1,,,0,False
JBuggarauf,905468325945212930,2017-09-06T16:30:46,@Harry1T6 @KurtSchlichter @TheDemocrats Like shit through a goose..,,False,0,Harry1T6,234548424,0,False
JBuggarauf,905472347716558854,2017-09-06T16:46:45,"Don't throw logic into this, you'll completely fuck up the narrative.. https://t.co/dTZ77zjWnN",,True,0,,,0,False
GiftofSage,905473441637298176,2017-09-06T16:51:06,"@EboniKWilliams I need you to tell a former Marine to call his fucking lawyer and stop tweeting, he's making death threats involving intim",,False,0,EboniKWilliams,396704627,0,False
JBuggarauf,905473508582424576,2017-09-06T16:51:21,Pretty much sums it up.. (the death screams are the loudest..) https://t.co/ONu4MjevJC,,True,0,,,0,False
GiftofSage,905473861281394688,2017-09-06T16:52:46,"@EboniKWilliams his handle is @JBuggarauf 
He just won't stop threatening to shoot protesters. Read his data. He's even pretending not del'd",,False,0,EboniKWilliams,396704627,0,False
GiftofSage,905474133433208832,2017-09-06T16:53:50,You aren't a target. You are threatening to shoot both sides of a fight not involving you. https://t.co/4lHTTHy9Ka,,True,0,,,0,False
JBuggarauf,905474143428108288,2017-09-06T16:53:53,@zerohedge Anyone who thought otherwise please stop watching the MSM..,,False,0,zerohedge,18856867,0,False
JBuggarauf,905475879387619328,2017-09-06T17:00:47,@GiftofSage Everyone is your fucking target. And I don't stand by and watch assaults.,,False,0,GiftofSage,983294221,0,False
JBuggarauf,905477241995386880,2017-09-06T17:06:12,@MastaKace @CebuSalute @BarackObama Secret Service: Why do you come here every day asking to see Obama? He's not pr… https://t.co/h9liDrpFUq,,False,2,MastaKace,77720897,0,False
JBuggarauf,905478065437892608,2017-09-06T17:09:28,@xmssweetnessx @seymourbutz12 I just wish this was Constitutional too.,,False,1,xmssweetnessx,1345577744,0,False
GiftofSage,905478165539291138,2017-09-06T17:09:52,"Not true. I've never hit anyone at a protest. You are making threats via intimidation, not us. Find any one of us m… https://t.co/IAPD1E9dqf",,True,0,,,0,False
GiftofSage,905478747276619778,2017-09-06T17:12:10,"Yeah, that's a rando profiling for real. https://t.co/kr602IAIGS",,True,0,,,0,False
JBuggarauf,905479897518284802,2017-09-06T17:16:45,@WarHistoryOL $1 a piece?  Aren't YOU the comedian.,,False,0,WarHistoryOL,244912769,0,False
GiftofSage,905480282530336768,2017-09-06T17:18:17,Interesting https://t.co/hTC0AXoZAz,,True,0,,,0,False
GiftofSage,905480533580402690,2017-09-06T17:19:16,kk https://t.co/sn4j0ZHYjM,,True,0,,,0,False
JBuggarauf,905480729122881536,2017-09-06T17:20:03,"@GiftofSage If you've never hit anyone. broken store front windows, burned cars. etc., just protested, than you have nothing to worry about.",,False,0,GiftofSage,983294221,0,False
GiftofSage,905480804247142400,2017-09-06T17:20:21,@RBwalksintoabar @Stage32 I'm actually thinking of taking prisoners. lol,,False,0,RBwalksintoabar,2753205853,0,False
GiftofSage,905480939266027520,2017-09-06T17:20:53,"So, you're still going to shoot people for fighting each other? https://t.co/KydFQClZPL",,True,0,,,0,False
JBuggarauf,905481241893380097,2017-09-06T17:22:05,@DRUDGE_REPORT I guess now I sue the government too when one of those silly things fails and runs into me?,,False,0,DRUDGE_REPORT,14669951,0,False
JBuggarauf,905482378264449024,2017-09-06T17:26:36,"@polNewsInfinity @seymourbutz12 Beg, bitches.. (It won't help but it sorta makes up for your earlier disrespect..)… https://t.co/RYVscf09vm",,False,1,polNewsInfinity,900036640986603525,0,False
JBuggarauf,905483081125003264,2017-09-06T17:29:24,"@zerohedge They've ignored Trump up to now, what changed? 
GOP has the complete power to do what it wants - quit whining bitches.",,False,0,zerohedge,18856867,0,False
GiftofSage,905483460948746240,2017-09-06T17:30:54,I'm going to hopefully work with a source to help expose some unethical human experimentation on the service members of the military.,,False,0,,,0,False
GiftofSage,905484620078219266,2017-09-06T17:35:31,I'm a habitual Anarchist who feeds people from discarded food in bags on the sidewalks of Manhattan whenever I am there. #Anarchism,,False,0,,,0,False
JBuggarauf,905484894356234240,2017-09-06T17:36:36,"@Flash_inthe_Dan @janebrett11 @Rockprincess818 ..and other irrelevant statistics as well, I'm sure.",,False,0,Flash_inthe_Dan,305590095,0,False
GiftofSage,905485269457100803,2017-09-06T17:38:05,THIS https://t.co/XU854Kp1fM,,True,0,,,0,False
JBuggarauf,905485965812129792,2017-09-06T17:40:52,"@GiftofSage This is *my* country - violence is not acceptable, but if you decide to initiate it, know that my respo… https://t.co/EhHq9ZEKyv",,False,0,GiftofSage,983294221,0,False
JBuggarauf,905488276986896384,2017-09-06T17:50:03,"@Mediaite You have the majority of both houses, you have to sell it to the American people. (Maybe you fuckers will… https://t.co/Lc6ifkcQvi",,False,1,Mediaite,29465136,0,False
GiftofSage,905488839149543425,2017-09-06T17:52:17,You are saying you will shoot to kill if we fight? Please just spell it out. I want to make sure you are serious ab… https://t.co/0m6xggZ8m9,,True,0,,,0,False
GiftofSage,905489423864918018,2017-09-06T17:54:36,"If you shoot one of us, you are going to start an actual war. https://t.co/qrS4rjiD1P",,True,0,,,0,False
GiftofSage,905490169033347075,2017-09-06T17:57:34,"Hey, FEDS, tell DT that I'm going to help Franken beat his fucking ass.",,False,0,,,0,False
JBuggarauf,905490490669203460,2017-09-06T17:58:50,"@GiftofSage I can't spell it out any more clearly. Start violence, and the consequences will be unpleasant in the extreme.",,False,0,GiftofSage,983294221,0,False
GiftofSage,905491012818276352,2017-09-06T18:00:55,But how do you decide who started it? https://t.co/CeJSU4xsi5,,True,0,,,0,False
GiftofSage,905491183333515264,2017-09-06T18:01:35,"If I wanted to shoot them, could I just shoot them? Should I do that instead? https://t.co/CeJSU4xsi5",,True,0,,,0,False
JBuggarauf,905491185665327104,2017-09-06T18:01:36,"@GiftofSage You start violence, you start the war, but it would be over quick and one you would lose badly. Adults are tired of your shit.",,False,0,GiftofSage,983294221,0,False
GiftofSage,905491375688429568,2017-09-06T18:02:21,"Um, you can just not show up, you don't have to shoot anyone. Should I shoot them with you? https://t.co/HwNyv7DuS9",,True,0,,,0,False
JBuggarauf,905491875561213952,2017-09-06T18:04:21,"@GiftofSage Protest all you want, but inflict no harm or damage to anyone or anything else. That's your limits.",,False,0,GiftofSage,983294221,0,False
GiftofSage,905492003097542658,2017-09-06T18:04:51,"Or? So, I can shoot them too? https://t.co/bQd79MSz0J",,True,0,,,0,False
JBuggarauf,905492185222709251,2017-09-06T18:05:34,"@GiftofSage Um, you can just protest peacefully and I don't have to respond at all.",,False,0,GiftofSage,983294221,0,False
GiftofSage,905492303791497216,2017-09-06T18:06:03,Can I respond like you? https://t.co/zneTmfSEo8,,True,0,,,0,False
JBuggarauf,905492572583419904,2017-09-06T18:07:07,"@GiftofSage We're going in circles, now. This conversation is over, I have some stocks to trade. See ya...",,False,0,GiftofSage,983294221,0,False
JBuggarauf,905493082090737664,2017-09-06T18:09:08,"@GiftofSage If you defend yourself you have my blessing. If you swing first, you're done.
Simple enough?",,False,0,GiftofSage,983294221,0,False
GiftofSage,905493197450874881,2017-09-06T18:09:36,You blamed us for starting a war you want to start. https://t.co/FGZE7cY1gZ,,True,0,,,0,False
JBuggarauf,905493330703863812,2017-09-06T18:10:07,@GiftofSage I'm watching.,,False,0,GiftofSage,983294221,0,False
GiftofSage,905493646446702592,2017-09-06T18:11:23,And if I want to be at the protest what will happen? https://t.co/pJyf29pq8R,,True,0,,,0,False
JBuggarauf,905494121992871937,2017-09-06T18:13:16,"@0rganists @KeenEyedCat @WinterDaybreak @Skylar_Writer @ObscuredLeg If I say I admit it will it end the BS? If not,… https://t.co/w7CjJSn7xr",,False,0,0rganists,3292300912,0,False
GiftofSage,905503777595248641,2017-09-06T18:51:38,"https://t.co/l4T53acpAe

For the #MSM",,False,0,,,0,False
GiftofSage,905504541415804930,2017-09-06T18:54:40,"https://t.co/dxKqtYqXzc

Against identity politics",,False,0,,,0,False
GiftofSage,905507334998425600,2017-09-06T19:05:46,"""And paradoxically, to heal from trauma, one needs to theorise and intellectualise it.""",,False,0,GiftofSage,983294221,0,False
GiftofSage,905508937293852672,2017-09-06T19:12:08,"https://t.co/DZpMsr5Blw

Riots and rebellions, oh my",,False,0,,,0,False
GiftofSage,905509733083344896,2017-09-06T19:15:18,"@thehill She did that to me. They should pay attention to the Marine making death threats. 
@JBuggarauf",,False,0,thehill,1917731,0,False
GiftofSage,905510223825301504,2017-09-06T19:17:15,I totally agree https://t.co/Q2r7O89vcY,,True,0,,,0,False
GiftofSage,905546021069090817,2017-09-06T21:39:30,https://t.co/EWoGuH7OLJ,,False,0,,,0,False
GiftofSage,905546425425125376,2017-09-06T21:41:06,"So, what if I am going to go hold a club or hit someone who hits me or hold people back from hurting others? https://t.co/pJyf297Phj",,True,0,,,0,False
GiftofSage,905547281847504898,2017-09-06T21:44:30,@telfieapp Dear White People,,False,1,telfieapp,7885972,0,False
GiftofSage,905548103243231233,2017-09-06T21:47:46,@FuckinQueer I give zero fucks about meeting some made up shit about having to agree with anyone anytime ever.,,False,0,FuckinQueer,269491752,0,False
GiftofSage,905551276062253058,2017-09-06T22:00:23,Hilarious https://t.co/YxGeoZfMzA,,True,0,,,0,False
GiftofSage,905553650470313984,2017-09-06T22:09:49,@VICE I don't think they have the right to do that unless he was there as a student when he did it. I'm not into hyper subjective rights.,,False,0,VICE,23818581,0,False
GiftofSage,905554195557834753,2017-09-06T22:11:59,Mustache lawyer https://t.co/AZrbzntczT,,True,0,,,0,False
GiftofSage,905561443554250752,2017-09-06T22:40:47,"https://t.co/LfpsdSB1oF

Electric Wizard - Legalize Drugs and Murder
I am the Witchfinder, @realDonaldTrump",,False,0,,,0,False
GiftofSage,905565472048984065,2017-09-06T22:56:47,That's @HallieJackson and she is awesome https://t.co/ZB1nanqzjP,,True,0,,,0,False
GiftofSage,905566581614358529,2017-09-06T23:01:12,"https://t.co/Fz1WMMDuUx

It's your funeral.",,False,0,,,0,False
JBuggarauf,905584766241480704,2017-09-07T00:13:27,"@GiftofSage Nope.. I'm a lousy conversant and worse negotiator, but I'm pure hell in a firefight, You're warned and… https://t.co/8L8WMu414K",,False,0,GiftofSage,983294221,0,False
JBuggarauf,905587274477219840,2017-09-07T00:23:25,"@nawdawg2 @HumanRightsJim @KurtSchlichter If you have to claim you're to be a logical person, you're not. It's eith… https://t.co/jg4Ox2L28e",,False,0,nawdawg2,796189968037191680,0,False
JBuggarauf,905589810269609984,2017-09-07T00:33:30,"@PoliticalShort @sandboxvet1 @SenatorDurbin @SenFeinstein Article 6:""...no religious Test shall ever be required as… https://t.co/WcZ91T4xiO",,False,4,PoliticalShort,247981000,2,False
JBuggarauf,905592461975621632,2017-09-07T00:44:02,@polNewsInfinity I got a jelly doughnut says Trump released it back channel.,,False,0,polNewsInfinity,900036640986603525,0,False
JBuggarauf,905593289792921602,2017-09-07T00:47:20,"@themissystone @seymourbutz12 @LucidHurricaneX DACA now expires right before the primaries. Missy, don't play poker… https://t.co/5ponacDaBQ",,False,0,themissystone,3675156676,0,False
JBuggarauf,905594617852174336,2017-09-07T00:52:36,"@JMCFRAVA @nawdawg2 @HumanRightsJim @KurtSchlichter So it's ""not to be""? Is that the question?",,False,0,JMCFRAVA,760594619641933824,0,False
JBuggarauf,905595450903863296,2017-09-07T00:55:55,@LouDobbs @seymourbutz12 @POTUS Not at all - R&amp;M have the power to do anything they want. They render themselves irrelevant.,,False,1,LouDobbs,26487169,0,False
GiftofSage,905753974170685440,2017-09-07T11:25:50,@AriMelber Who says I'm not?,,False,0,AriMelber,15441965,0,False
GiftofSage,905754593350516736,2017-09-07T11:28:17,@chrislhayes I wish my mom were dead.,,False,0,chrislhayes,4207961,0,False
GiftofSage,905755663829225472,2017-09-07T11:32:33,@KatTimpf And you're ignorant and feel lucky not to know about Anarchists.,,False,0,KatTimpf,170861207,0,False
GiftofSage,905757833261666304,2017-09-07T11:41:10,B/c that's a girl https://t.co/3j0A8LXQb3,,True,0,,,0,False
GiftofSage,905759103888367616,2017-09-07T11:46:13,"@alwaystheself Start a business, web app, or an expert blog",,False,1,alwaystheself,885594949,0,False
GiftofSage,905760517758697472,2017-09-07T11:51:50,"@politico Because her rapist husband does her math and IT for her, yet a rapist is unfit to be president according… https://t.co/lfpua8tJ94",,False,0,politico,9300262,0,False
GiftofSage,905808221654409217,2017-09-07T15:01:23,@NoFlashCards @alwaystheself What's your blog?,,False,0,NoFlashCards,16950069,0,False
GiftofSage,905826127624761346,2017-09-07T16:12:32,@JBuggarauf You arrested yet?,,False,0,JBuggarauf,879898081273159680,0,False
GiftofSage,905826677862924290,2017-09-07T16:14:44,@JBuggarauf and others on here who are just as stupid - I can download everything you are tweeting and I do. Fuck you.,,False,0,JBuggarauf,879898081273159680,0,False
JBuggarauf,905842625088856064,2017-09-07T17:18:06,Kurt captured it..  must read. https://t.co/6FLJPm4Lne,,True,0,,,0,False
GiftofSage,905845118166601730,2017-09-07T17:28:00,"@LouDobbs The Marine, @JBuggarauf, has been reported to federal law enforcement. Read his data. He's a violent extremist.",,False,0,LouDobbs,26487169,0,False
JBuggarauf,905845167969656832,2017-09-07T17:28:12,"@JMCFRAVA @nawdawg2 @HumanRightsJim @KurtSchlichter Cool, I'll footnote Hamlet. Confusion now hath surrendered his masterpiece.",,False,0,JMCFRAVA,760594619641933824,0,False
GiftofSage,905845280146378752,2017-09-07T17:28:39,@LouDobbs @JBuggarauf I'm only telling @LouDobbs so @JBuggarauf can see that I am still reading his tweets even though he blocked me.,,False,0,GiftofSage,983294221,0,False
JBuggarauf,905845379714867201,2017-09-07T17:29:02,@themissystone @seymourbutz12 @LucidHurricaneX i understand your angst..,,False,1,themissystone,3675156676,0,False
JBuggarauf,905845787363393536,2017-09-07T17:30:40,@CebuSalute Hiding in the blind-spot of transparency.,,False,0,CebuSalute,28985451,0,False
GiftofSage,905846539247128582,2017-09-07T17:33:39,Looks like @JBuggarauf hasn't tweeted for a some hours. Hmmm.,,False,0,,,0,False
JBuggarauf,905847894694957056,2017-09-07T17:39:02,And can write the Lord's prayer in Farsi on the head of a pin- displacing Studebaker Hawk as the new superhero of t… https://t.co/XO7EMX1JCM,,True,0,,,0,False
JBuggarauf,905848645538373632,2017-09-07T17:42:01,"@FoxNews @rains6944 @POTUS Washington DC remains completely unprepared for Hurricane #MAGA, however.",,False,0,FoxNews,1367531,0,False
GiftofSage,905849928731283456,2017-09-07T17:47:07,"@FridaGhitis Well, when does he acknowledge that A's go to meticulous lengths not to kill people unlike the KKK.? W… https://t.co/nCLqQcmhlt",,False,0,FridaGhitis,235199409,0,False
GiftofSage,905850279224115202,2017-09-07T17:48:31,"@NoiseyMusic NNOOOOOOOO

He can hang out with the Anarchists if he wants to dress down like that. Go to Food Not Bombs.",,False,0,NoiseyMusic,251433567,0,False
JBuggarauf,905850367929270272,2017-09-07T17:48:52,"@MilitaryEarth Square that rifle, soldier. That bullet won't go where the scope indicates it will with the rifle at that angle.",,False,1,MilitaryEarth,2357142594,0,False
GiftofSage,905850691595509763,2017-09-07T17:50:09,"@JoyAnnReid Well, yes. But that's a good republican strategy. They know when they have strict dominance.… https://t.co/lxAlAwrZ9D",,False,0,JoyAnnReid,49698134,0,False
JBuggarauf,905850884541710336,2017-09-07T17:50:55,No - the total amount of intelligence allotted to this planet is a constant - only the population is increasing. https://t.co/e2VpYtLUN6,,True,1,,,0,False
JBuggarauf,905851300536922112,2017-09-07T17:52:34,"@FoxNews @rains6944 @FLGovScott Is there any other kind of devastation besides ""catastrophic""?
#redundancyalert",,False,1,FoxNews,1367531,0,False
JBuggarauf,905851616623943680,2017-09-07T17:53:49,"@OldMarine1 You don't think we have enough laws already?

(Morning Guns..)",,False,0,OldMarine1,72350324,0,False
JBuggarauf,905851854877114369,2017-09-07T17:54:46,@DRUDGE_REPORT Effectively lowering the average intelligence of both organizations simultaneously.,,False,0,DRUDGE_REPORT,14669951,0,False
JBuggarauf,905853326482317312,2017-09-07T18:00:37,"Add DACA expires right before midterm primaries and the debt ceiling before Christmas, the GOP better get with the… https://t.co/Sd4K2FyKQS",,True,1,,,1,False
JBuggarauf,905855015532716032,2017-09-07T18:07:20,"@DRUDGE_REPORT Can I pretend I don't see the race of the ""customers""? I don't want to be considered ""racist"" or anything..",,False,1,DRUDGE_REPORT,14669951,0,False
JBuggarauf,905855972953866240,2017-09-07T18:11:08,5 - it's fun pissing them off. https://t.co/2od9gXNlaD,,True,0,,,0,False
JBuggarauf,905858337559871491,2017-09-07T18:20:32,"@tomborelli @rains6944 No, Burien is the America Seattle sees, it's not a microcosm of America as it actually is.",,False,1,tomborelli,54306830,0,False
